Info: *******************************************************************
Info: Running Quartus Prime Shell
    Info: Version 17.0.2 Build 602 07/19/2017 SJ Standard Edition
    Info: Copyright (C) 2017  Intel Corporation. All rights reserved.
    Info: Your use of Intel Corporation's design tools, logic functions 
    Info: and other software and tools, and its AMPP partner logic 
    Info: functions, and any output files from any of the foregoing 
    Info: (including device programming or simulation files), and any 
    Info: associated documentation or information are expressly subject 
    Info: to the terms and conditions of the Intel Program License 
    Info: Subscription Agreement, the Intel Quartus Prime License Agreement,
    Info: the Intel MegaCore Function License Agreement, or other 
    Info: applicable license agreement, including, without limitation, 
    Info: that your use is for the sole purpose of programming logic 
    Info: devices manufactured by Intel and sold by Intel or its 
    Info: authorized distributors.  Please refer to the applicable 
    Info: agreement for further details.
    Info: Processing started: Mon Sep 14 14:59:43 2026
Info: Command: quartus_sh --flow compile Arcade-MCR3
Info: Quartus(args): compile Arcade-MCR3
Info: Project Name = /tmp/h_Arcade-MCR3_MiSTer/Arcade-MCR3
Info: Revision Name = Arcade-MCR3
Info: *******************************************************************
Info: Running Quartus Prime Shell
    Info: Version 17.0.2 Build 602 07/19/2017 SJ Standard Edition
    Info: Processing started: Mon Sep 14 14:59:43 2026
Info: Command: quartus_sh -t sys/build_id.tcl compile Arcade-MCR3 Arcade-MCR3
Info: Quartus(args): compile Arcade-MCR3 Arcade-MCR3
Info: Generated: /tmp/h_Arcade-MCR3_MiSTer/build_id.v: `define BUILD_DATE "260914"
Info (23030): Evaluation of Tcl script sys/build_id.tcl was successful
Info: Quartus Prime Shell was successful. 0 errors, 0 warnings
    Info: Peak virtual memory: 753 megabytes
    Info: Processing ended: Mon Sep 14 14:59:43 2026
    Info: Elapsed time: 00:00:00
    Info: Total CPU time (on all processors): 00:00:00
Info: *******************************************************************
Info: Running Quartus Prime Analysis & Synthesis
    Info: Version 17.0.2 Build 602 07/19/2017 SJ Standard Edition
    Info: Processing started: Mon Sep 14 14:59:44 2026
Info: Command: quartus_map --read_settings_files=on --write_settings_files=off Arcade-MCR3 -c Arcade-MCR3
Info (16303): High Performance Effort optimization mode selected -- timing performance will be prioritized at the potential cost of increased compilation time
Info (20030): Parallel compilation is enabled and will use 16 of the 24 processors detected
Info (12021): Found 1 design units, including 1 entities, in source file rtl/pll.v
    Info (12023): Found entity 1: pll File: /tmp/h_Arcade-MCR3_MiSTer/rtl/pll.v Line: 8
Info (12021): Found 1 design units, including 1 entities, in source file rtl/pll/pll_0002.v
    Info (12023): Found entity 1: pll_0002 File: /tmp/h_Arcade-MCR3_MiSTer/rtl/pll/pll_0002.v Line: 2
Info (12021): Found 1 design units, including 1 entities, in source file sys/pll_hdmi.v
    Info (12023): Found entity 1: pll_hdmi File: /tmp/h_Arcade-MCR3_MiSTer/sys/pll_hdmi.v Line: 8
Info (12021): Found 1 design units, including 1 entities, in source file sys/pll_hdmi/pll_hdmi_0002.v
    Info (12023): Found entity 1: pll_hdmi_0002 File: /tmp/h_Arcade-MCR3_MiSTer/sys/pll_hdmi/pll_hdmi_0002.v Line: 2
Info (12021): Found 1 design units, including 1 entities, in source file sys/pll_audio.v
    Info (12023): Found entity 1: pll_audio File: /tmp/h_Arcade-MCR3_MiSTer/sys/pll_audio.v Line: 8
Info (12021): Found 1 design units, including 1 entities, in source file sys/pll_audio/pll_audio_0002.v
    Info (12023): Found entity 1: pll_audio_0002 File: /tmp/h_Arcade-MCR3_MiSTer/sys/pll_audio/pll_audio_0002.v Line: 2
Info (12021): Found 1 design units, including 1 entities, in source file sys/pll_cfg/pll_cfg.v
    Info (12023): Found entity 1: pll_cfg File: /tmp/h_Arcade-MCR3_MiSTer/sys/pll_cfg/pll_cfg.v Line: 8
Info (12021): Found 1 design units, including 1 entities, in source file sys/pll_cfg/pll_cfg_hdmi.v
    Info (12023): Found entity 1: pll_cfg_hdmi File: /tmp/h_Arcade-MCR3_MiSTer/sys/pll_cfg/pll_cfg_hdmi.v Line: 16
Info (12021): Found 1 design units, including 1 entities, in source file sys/pll_cfg/altera_pll_reconfig_top.v
    Info (12023): Found entity 1: altera_pll_reconfig_top File: /tmp/h_Arcade-MCR3_MiSTer/sys/pll_cfg/altera_pll_reconfig_top.v Line: 16
Info (12021): Found 3 design units, including 3 entities, in source file sys/sys_top.v
    Info (12023): Found entity 1: sys_top File: /tmp/h_Arcade-MCR3_MiSTer/sys/sys_top.v Line: 22
    Info (12023): Found entity 2: sync_fix File: /tmp/h_Arcade-MCR3_MiSTer/sys/sys_top.v Line: 1896
    Info (12023): Found entity 3: csync File: /tmp/h_Arcade-MCR3_MiSTer/sys/sys_top.v Line: 1928
Info (12021): Found 2 design units, including 1 entities, in source file sys/ascal.vhd
    Info (12022): Found design unit 1: ascal-rtl File: /tmp/h_Arcade-MCR3_MiSTer/sys/ascal.vhd Line: 269
    Info (12023): Found entity 1: ascal File: /tmp/h_Arcade-MCR3_MiSTer/sys/ascal.vhd Line: 114
Info (12021): Found 2 design units, including 1 entities, in source file sys/pll_hdmi_adj.vhd
    Info (12022): Found design unit 1: pll_hdmi_adj-rtl File: /tmp/h_Arcade-MCR3_MiSTer/sys/pll_hdmi_adj.vhd Line: 53
    Info (12023): Found entity 1: pll_hdmi_adj File: /tmp/h_Arcade-MCR3_MiSTer/sys/pll_hdmi_adj.vhd Line: 21
Info (12021): Found 3 design units, including 3 entities, in source file sys/math.sv
    Info (12023): Found entity 1: sys_udiv File: /tmp/h_Arcade-MCR3_MiSTer/sys/math.sv Line: 3
    Info (12023): Found entity 2: sys_umul File: /tmp/h_Arcade-MCR3_MiSTer/sys/math.sv Line: 46
    Info (12023): Found entity 3: sys_umuldiv File: /tmp/h_Arcade-MCR3_MiSTer/sys/math.sv Line: 85
Info (12021): Found 5 design units, including 5 entities, in source file sys/hq2x.sv
    Info (12023): Found entity 1: Hq2x File: /tmp/h_Arcade-MCR3_MiSTer/sys/hq2x.sv Line: 13
    Info (12023): Found entity 2: hq2x_in File: /tmp/h_Arcade-MCR3_MiSTer/sys/hq2x.sv Line: 226
    Info (12023): Found entity 3: hq2x_buf File: /tmp/h_Arcade-MCR3_MiSTer/sys/hq2x.sv Line: 250
    Info (12023): Found entity 4: DiffCheck File: /tmp/h_Arcade-MCR3_MiSTer/sys/hq2x.sv Line: 271
    Info (12023): Found entity 5: Blend File: /tmp/h_Arcade-MCR3_MiSTer/sys/hq2x.sv Line: 298
Info (12021): Found 1 design units, including 1 entities, in source file sys/scandoubler.v
    Info (12023): Found entity 1: scandoubler File: /tmp/h_Arcade-MCR3_MiSTer/sys/scandoubler.v Line: 22
Info (12021): Found 1 design units, including 1 entities, in source file sys/scanlines.v
    Info (12023): Found entity 1: scanlines File: /tmp/h_Arcade-MCR3_MiSTer/sys/scanlines.v Line: 1
Info (12021): Found 1 design units, including 1 entities, in source file sys/shadowmask.sv
    Info (12023): Found entity 1: shadowmask File: /tmp/h_Arcade-MCR3_MiSTer/sys/shadowmask.sv Line: 1
Info (12021): Found 2 design units, including 2 entities, in source file sys/video_cleaner.sv
    Info (12023): Found entity 1: video_cleaner File: /tmp/h_Arcade-MCR3_MiSTer/sys/video_cleaner.sv Line: 12
    Info (12023): Found entity 2: s_fix File: /tmp/h_Arcade-MCR3_MiSTer/sys/video_cleaner.sv Line: 81
Info (12021): Found 2 design units, including 2 entities, in source file sys/gamma_corr.sv
    Info (12023): Found entity 1: gamma_corr File: /tmp/h_Arcade-MCR3_MiSTer/sys/gamma_corr.sv Line: 1
    Info (12023): Found entity 2: gamma_fast File: /tmp/h_Arcade-MCR3_MiSTer/sys/gamma_corr.sv Line: 62
Info (12021): Found 1 design units, including 1 entities, in source file sys/video_mixer.sv
    Info (12023): Found entity 1: video_mixer File: /tmp/h_Arcade-MCR3_MiSTer/sys/video_mixer.sv Line: 19
Info (12021): Found 2 design units, including 2 entities, in source file sys/video_freak.sv
    Info (12023): Found entity 1: video_freak File: /tmp/h_Arcade-MCR3_MiSTer/sys/video_freak.sv Line: 16
    Info (12023): Found entity 2: video_scale_int File: /tmp/h_Arcade-MCR3_MiSTer/sys/video_freak.sv Line: 141
Info (12021): Found 2 design units, including 2 entities, in source file sys/video_freezer.sv
    Info (12023): Found entity 1: video_freezer File: /tmp/h_Arcade-MCR3_MiSTer/sys/video_freezer.sv Line: 21
    Info (12023): Found entity 2: sync_lock File: /tmp/h_Arcade-MCR3_MiSTer/sys/video_freezer.sv Line: 80
Info (12021): Found 2 design units, including 2 entities, in source file sys/arcade_video.v
    Info (12023): Found entity 1: arcade_video File: /tmp/h_Arcade-MCR3_MiSTer/sys/arcade_video.v Line: 29
    Info (12023): Found entity 2: screen_rotate File: /tmp/h_Arcade-MCR3_MiSTer/sys/arcade_video.v Line: 168
Info (12021): Found 1 design units, including 1 entities, in source file sys/osd.v
    Info (12023): Found entity 1: osd File: /tmp/h_Arcade-MCR3_MiSTer/sys/osd.v Line: 4
Info (12021): Found 1 design units, including 1 entities, in source file sys/vga_out.sv
    Info (12023): Found entity 1: vga_out File: /tmp/h_Arcade-MCR3_MiSTer/sys/vga_out.sv Line: 2
Info (12021): Found 1 design units, including 1 entities, in source file sys/yc_out.sv
    Info (12023): Found entity 1: yc_out File: /tmp/h_Arcade-MCR3_MiSTer/sys/yc_out.sv Line: 28
Info (12021): Found 1 design units, including 1 entities, in source file sys/i2c.v
    Info (12023): Found entity 1: i2c File: /tmp/h_Arcade-MCR3_MiSTer/sys/i2c.v Line: 2
Info (12021): Found 1 design units, including 1 entities, in source file sys/alsa.sv
    Info (12023): Found entity 1: alsa File: /tmp/h_Arcade-MCR3_MiSTer/sys/alsa.sv Line: 22
Info (12021): Found 1 design units, including 1 entities, in source file sys/i2s.v
    Info (12023): Found entity 1: i2s File: /tmp/h_Arcade-MCR3_MiSTer/sys/i2s.v Line: 2
Info (12021): Found 1 design units, including 1 entities, in source file sys/spdif.v
    Info (12023): Found entity 1: spdif File: /tmp/h_Arcade-MCR3_MiSTer/sys/spdif.v Line: 33
Info (12021): Found 2 design units, including 2 entities, in source file sys/audio_out.v
    Info (12023): Found entity 1: audio_out File: /tmp/h_Arcade-MCR3_MiSTer/sys/audio_out.v Line: 2
    Info (12023): Found entity 2: aud_mix_top File: /tmp/h_Arcade-MCR3_MiSTer/sys/audio_out.v Line: 258
Info (12021): Found 3 design units, including 3 entities, in source file sys/iir_filter.v
    Info (12023): Found entity 1: IIR_filter File: /tmp/h_Arcade-MCR3_MiSTer/sys/iir_filter.v Line: 22
    Info (12023): Found entity 2: iir_filter_tap File: /tmp/h_Arcade-MCR3_MiSTer/sys/iir_filter.v Line: 148
    Info (12023): Found entity 3: DC_blocker File: /tmp/h_Arcade-MCR3_MiSTer/sys/iir_filter.v Line: 189
Info (12021): Found 2 design units, including 2 entities, in source file sys/ltc2308.sv
    Info (12023): Found entity 1: ltc2308 File: /tmp/h_Arcade-MCR3_MiSTer/sys/ltc2308.sv Line: 28
    Info (12023): Found entity 2: ltc2308_tape File: /tmp/h_Arcade-MCR3_MiSTer/sys/ltc2308.sv Line: 105
Info (12021): Found 1 design units, including 1 entities, in source file sys/sigma_delta_dac.v
    Info (12023): Found entity 1: sigma_delta_dac File: /tmp/h_Arcade-MCR3_MiSTer/sys/sigma_delta_dac.v Line: 6
Info (12021): Found 1 design units, including 1 entities, in source file sys/mt32pi.sv
    Info (12023): Found entity 1: mt32pi File: /tmp/h_Arcade-MCR3_MiSTer/sys/mt32pi.sv Line: 8
Info (12021): Found 1 design units, including 1 entities, in source file sys/mcp23009.sv
    Info (12023): Found entity 1: mcp23009 File: /tmp/h_Arcade-MCR3_MiSTer/sys/mcp23009.sv Line: 5
Info (12021): Found 1 design units, including 1 entities, in source file sys/f2sdram_safe_terminator.sv
    Info (12023): Found entity 1: f2sdram_safe_terminator File: /tmp/h_Arcade-MCR3_MiSTer/sys/f2sdram_safe_terminator.sv Line: 55
Info (12021): Found 1 design units, including 1 entities, in source file sys/ddr_svc.sv
    Info (12023): Found entity 1: ddr_svc File: /tmp/h_Arcade-MCR3_MiSTer/sys/ddr_svc.sv Line: 23
Info (12021): Found 2 design units, including 2 entities, in source file sys/sysmem.sv
    Info (12023): Found entity 1: sysmem_lite File: /tmp/h_Arcade-MCR3_MiSTer/sys/sysmem.sv Line: 2
    Info (12023): Found entity 2: sysmem_HPS_fpga_interfaces File: /tmp/h_Arcade-MCR3_MiSTer/sys/sysmem.sv Line: 241
Info (12021): Found 1 design units, including 1 entities, in source file sys/sd_card.sv
    Info (12023): Found entity 1: sd_card File: /tmp/h_Arcade-MCR3_MiSTer/sys/sd_card.sv Line: 28
Info (12021): Found 4 design units, including 4 entities, in source file sys/hps_io.sv
    Info (12023): Found entity 1: hps_io File: /tmp/h_Arcade-MCR3_MiSTer/sys/hps_io.sv Line: 30
    Info (12023): Found entity 2: ps2_device File: /tmp/h_Arcade-MCR3_MiSTer/sys/hps_io.sv Line: 753
    Info (12023): Found entity 3: video_calc File: /tmp/h_Arcade-MCR3_MiSTer/sys/hps_io.sv Line: 896
    Info (12023): Found entity 4: confstr_rom File: /tmp/h_Arcade-MCR3_MiSTer/sys/hps_io.sv Line: 1064
Info (12021): Found 1 design units, including 1 entities, in source file sys/joydb9md.v
    Info (12023): Found entity 1: joy_db9md File: /tmp/h_Arcade-MCR3_MiSTer/sys/joydb9md.v Line: 5
Info (12021): Found 1 design units, including 1 entities, in source file sys/joydb15.v
    Info (12023): Found entity 1: joy_db15 File: /tmp/h_Arcade-MCR3_MiSTer/sys/joydb15.v Line: 4
Info (12021): Found 1 design units, including 1 entities, in source file sys/joydb9saturn.v
    Info (12023): Found entity 1: joy_db9saturn File: /tmp/h_Arcade-MCR3_MiSTer/sys/joydb9saturn.v Line: 45
Info (12021): Found 1 design units, including 1 entities, in source file sys/joydb.sv
    Info (12023): Found entity 1: joydb File: /tmp/h_Arcade-MCR3_MiSTer/sys/joydb.sv Line: 43
Info (12021): Found 1 design units, including 1 entities, in source file sys/siphash24.v
    Info (12023): Found entity 1: siphash24 File: /tmp/h_Arcade-MCR3_MiSTer/sys/siphash24.v Line: 14
Info (12021): Found 1 design units, including 1 entities, in source file sys/db9_key_gate.sv
    Info (12023): Found entity 1: db9_key_gate File: /tmp/h_Arcade-MCR3_MiSTer/sys/db9_key_gate.sv Line: 7
Info (12021): Found 1 design units, including 1 entities, in source file sys/joydb_remap.sv
    Info (12023): Found entity 1: joydb_remap File: /tmp/h_Arcade-MCR3_MiSTer/sys/joydb_remap.sv Line: 37
Info (12021): Found 2 design units, including 1 entities, in source file rtl/T80/T80s.vhd
    Info (12022): Found design unit 1: T80s-rtl File: /tmp/h_Arcade-MCR3_MiSTer/rtl/T80/T80s.vhd Line: 102
    Info (12023): Found entity 1: T80s File: /tmp/h_Arcade-MCR3_MiSTer/rtl/T80/T80s.vhd Line: 73
Info (12021): Found 2 design units, including 1 entities, in source file rtl/T80/T80pa.vhd
    Info (12022): Found design unit 1: T80pa-rtl File: /tmp/h_Arcade-MCR3_MiSTer/rtl/T80/T80pa.vhd Line: 91
    Info (12023): Found entity 1: T80pa File: /tmp/h_Arcade-MCR3_MiSTer/rtl/T80/T80pa.vhd Line: 60
Info (12021): Found 2 design units, including 1 entities, in source file rtl/T80/T80_Reg.vhd
    Info (12022): Found design unit 1: T80_Reg-rtl File: /tmp/h_Arcade-MCR3_MiSTer/rtl/T80/T80_Reg.vhd Line: 98
    Info (12023): Found entity 1: T80_Reg File: /tmp/h_Arcade-MCR3_MiSTer/rtl/T80/T80_Reg.vhd Line: 75
Info (12021): Found 2 design units, including 1 entities, in source file rtl/T80/T80_MCode.vhd
    Info (12022): Found design unit 1: T80_MCode-rtl File: /tmp/h_Arcade-MCR3_MiSTer/rtl/T80/T80_MCode.vhd Line: 150
    Info (12023): Found entity 1: T80_MCode File: /tmp/h_Arcade-MCR3_MiSTer/rtl/T80/T80_MCode.vhd Line: 78
Info (12021): Found 2 design units, including 1 entities, in source file rtl/T80/T80_ALU.vhd
    Info (12022): Found design unit 1: T80_ALU-rtl File: /tmp/h_Arcade-MCR3_MiSTer/rtl/T80/T80_ALU.vhd Line: 102
    Info (12023): Found entity 1: T80_ALU File: /tmp/h_Arcade-MCR3_MiSTer/rtl/T80/T80_ALU.vhd Line: 74
Info (12021): Found 2 design units, including 1 entities, in source file rtl/T80/T80.vhd
    Info (12022): Found design unit 1: T80-rtl File: /tmp/h_Arcade-MCR3_MiSTer/rtl/T80/T80.vhd Line: 128
    Info (12023): Found entity 1: T80 File: /tmp/h_Arcade-MCR3_MiSTer/rtl/T80/T80.vhd Line: 83
Info (12021): Found 2 design units, including 1 entities, in source file rtl/Z80CTC/ctc_controler.vhd
    Info (12022): Found design unit 1: ctc_controler-struct File: /tmp/h_Arcade-MCR3_MiSTer/rtl/Z80CTC/ctc_controler.vhd Line: 31
    Info (12023): Found entity 1: ctc_controler File: /tmp/h_Arcade-MCR3_MiSTer/rtl/Z80CTC/ctc_controler.vhd Line: 10
Info (12021): Found 2 design units, including 1 entities, in source file rtl/Z80CTC/ctc_counter.vhd
    Info (12022): Found design unit 1: ctc_counter-struct File: /tmp/h_Arcade-MCR3_MiSTer/rtl/Z80CTC/ctc_counter.vhd Line: 28
    Info (12023): Found entity 1: ctc_counter File: /tmp/h_Arcade-MCR3_MiSTer/rtl/Z80CTC/ctc_counter.vhd Line: 10
Info (12021): Found 2 design units, including 1 entities, in source file rtl/Z80CTC/z80ctc_top.vhd
    Info (12022): Found design unit 1: z80ctc_top-struct File: /tmp/h_Arcade-MCR3_MiSTer/rtl/Z80CTC/z80ctc_top.vhd Line: 37
    Info (12023): Found entity 1: z80ctc_top File: /tmp/h_Arcade-MCR3_MiSTer/rtl/Z80CTC/z80ctc_top.vhd Line: 7
Info (12021): Found 1 design units, including 1 entities, in source file rtl/sdram.sv
    Info (12023): Found entity 1: sdram File: /tmp/h_Arcade-MCR3_MiSTer/rtl/sdram.sv Line: 24
Info (12021): Found 2 design units, including 1 entities, in source file rtl/gen_ram.vhd
    Info (12022): Found design unit 1: gen_ram-rtl File: /tmp/h_Arcade-MCR3_MiSTer/rtl/gen_ram.vhd Line: 45
    Info (12023): Found entity 1: gen_ram File: /tmp/h_Arcade-MCR3_MiSTer/rtl/gen_ram.vhd Line: 29
Info (12021): Found 2 design units, including 1 entities, in source file rtl/cmos_ram.vhd
    Info (12022): Found design unit 1: cmos_ram-rtl File: /tmp/h_Arcade-MCR3_MiSTer/rtl/cmos_ram.vhd Line: 45
    Info (12023): Found entity 1: cmos_ram File: /tmp/h_Arcade-MCR3_MiSTer/rtl/cmos_ram.vhd Line: 29
Info (12021): Found 2 design units, including 1 entities, in source file rtl/dpram.vhd
    Info (12022): Found design unit 1: dpram-rtl File: /tmp/h_Arcade-MCR3_MiSTer/rtl/dpram.vhd Line: 51
    Info (12023): Found entity 1: dpram File: /tmp/h_Arcade-MCR3_MiSTer/rtl/dpram.vhd Line: 29
Info (12021): Found 2 design units, including 1 entities, in source file rtl/midssio_82s123.vhd
    Info (12022): Found design unit 1: midssio_82s123-prom File: /tmp/h_Arcade-MCR3_MiSTer/rtl/midssio_82s123.vhd Line: 12
    Info (12023): Found entity 1: midssio_82s123 File: /tmp/h_Arcade-MCR3_MiSTer/rtl/midssio_82s123.vhd Line: 4
Info (12021): Found 1 design units, including 1 entities, in source file rtl/spinner.sv
    Info (12023): Found entity 1: spinner File: /tmp/h_Arcade-MCR3_MiSTer/rtl/spinner.sv Line: 21
Info (12021): Found 2 design units, including 1 entities, in source file rtl/YM2149_linmix_sep.vhd
    Info (12022): Found design unit 1: YM2149-RTL File: /tmp/h_Arcade-MCR3_MiSTer/rtl/YM2149_linmix_sep.vhd Line: 94
    Info (12023): Found entity 1: YM2149 File: /tmp/h_Arcade-MCR3_MiSTer/rtl/YM2149_linmix_sep.vhd Line: 63
Info (12021): Found 2 design units, including 1 entities, in source file rtl/mcr_sound_board.vhd
    Info (12022): Found design unit 1: mcr_sound_board-struct File: /tmp/h_Arcade-MCR3_MiSTer/rtl/mcr_sound_board.vhd Line: 83
    Info (12023): Found entity 1: mcr_sound_board File: /tmp/h_Arcade-MCR3_MiSTer/rtl/mcr_sound_board.vhd Line: 55
Info (12021): Found 1 design units, including 1 entities, in source file rtl/wave_sound.sv
    Info (12023): Found entity 1: wave_sound File: /tmp/h_Arcade-MCR3_MiSTer/rtl/wave_sound.sv Line: 10
Info (12021): Found 1 design units, including 1 entities, in source file rtl/ddram.sv
    Info (12023): Found entity 1: ddram File: /tmp/h_Arcade-MCR3_MiSTer/rtl/ddram.sv Line: 25
Info (12021): Found 2 design units, including 1 entities, in source file rtl/mcr3.vhd
    Info (12022): Found design unit 1: mcr3-struct File: /tmp/h_Arcade-MCR3_MiSTer/rtl/mcr3.vhd Line: 181
    Info (12023): Found entity 1: mcr3 File: /tmp/h_Arcade-MCR3_MiSTer/rtl/mcr3.vhd Line: 133
Info (12021): Found 1 design units, including 1 entities, in source file Arcade-MCR3.sv
    Info (12023): Found entity 1: emu File: /tmp/h_Arcade-MCR3_MiSTer/Arcade-MCR3.sv Line: 23
Warning (10236): Verilog HDL Implicit Net warning at sys_top.v(138): created implicit net for "SD_SPI_CS" File: /tmp/h_Arcade-MCR3_MiSTer/sys/sys_top.v Line: 138
Warning (10236): Verilog HDL Implicit Net warning at Arcade-MCR3.sv(655): created implicit net for "FB_PAL_CLK" File: /tmp/h_Arcade-MCR3_MiSTer/Arcade-MCR3.sv Line: 655
Warning (10236): Verilog HDL Implicit Net warning at Arcade-MCR3.sv(655): created implicit net for "FB_PAL_ADDR" File: /tmp/h_Arcade-MCR3_MiSTer/Arcade-MCR3.sv Line: 655
Warning (10236): Verilog HDL Implicit Net warning at Arcade-MCR3.sv(655): created implicit net for "FB_PAL_DOUT" File: /tmp/h_Arcade-MCR3_MiSTer/Arcade-MCR3.sv Line: 655
Warning (10236): Verilog HDL Implicit Net warning at Arcade-MCR3.sv(655): created implicit net for "FB_PAL_WR" File: /tmp/h_Arcade-MCR3_MiSTer/Arcade-MCR3.sv Line: 655
Info (12127): Elaborating entity "sys_top" for the top level hierarchy
Warning (10036): Verilog HDL or VHDL warning at sys_top.v(138): object "SD_SPI_CS" assigned a value but never read File: /tmp/h_Arcade-MCR3_MiSTer/sys/sys_top.v Line: 138
Info (12128): Elaborating entity "mcp23009" for hierarchy "mcp23009:mcp23009" File: /tmp/h_Arcade-MCR3_MiSTer/sys/sys_top.v Line: 179
Info (12128): Elaborating entity "i2c" for hierarchy "mcp23009:mcp23009|i2c:i2c" File: /tmp/h_Arcade-MCR3_MiSTer/sys/mcp23009.sv Line: 41
Info (12128): Elaborating entity "sysmem_lite" for hierarchy "sysmem_lite:sysmem" File: /tmp/h_Arcade-MCR3_MiSTer/sys/sys_top.v Line: 645
Info (12128): Elaborating entity "f2sdram_safe_terminator" for hierarchy "sysmem_lite:sysmem|f2sdram_safe_terminator:f2sdram_safe_terminator_ram1" File: /tmp/h_Arcade-MCR3_MiSTer/sys/sysmem.sv Line: 91
Info (12128): Elaborating entity "f2sdram_safe_terminator" for hierarchy "sysmem_lite:sysmem|f2sdram_safe_terminator:f2sdram_safe_terminator_vbuf" File: /tmp/h_Arcade-MCR3_MiSTer/sys/sysmem.sv Line: 183
Info (12128): Elaborating entity "sysmem_HPS_fpga_interfaces" for hierarchy "sysmem_lite:sysmem|sysmem_HPS_fpga_interfaces:fpga_interfaces" File: /tmp/h_Arcade-MCR3_MiSTer/sys/sysmem.sv Line: 223
Info (12128): Elaborating entity "ddr_svc" for hierarchy "ddr_svc:ddr_svc" File: /tmp/h_Arcade-MCR3_MiSTer/sys/sys_top.v Line: 686
Info (12128): Elaborating entity "ascal" for hierarchy "ascal:ascal" File: /tmp/h_Arcade-MCR3_MiSTer/sys/sys_top.v Line: 822
Info (19000): Inferred 9 megafunctions from design logic
    Info (276029): Inferred altsyncram megafunction from the following design logic: "ascal:ascal|altsyncram:i_mem[0].r[7]__1" 
        Info (286033): Parameter OPERATION_MODE set to DUAL_PORT
        Info (286033): Parameter WIDTH_A set to 24
        Info (286033): Parameter WIDTHAD_A set to 11
        Info (286033): Parameter NUMWORDS_A set to 2048
        Info (286033): Parameter WIDTH_B set to 24
        Info (286033): Parameter WIDTHAD_B set to 11
        Info (286033): Parameter NUMWORDS_B set to 2048
        Info (286033): Parameter ADDRESS_ACLR_A set to NONE
        Info (286033): Parameter OUTDATA_REG_B set to UNREGISTERED
        Info (286033): Parameter ADDRESS_ACLR_B set to NONE
        Info (286033): Parameter OUTDATA_ACLR_B set to NONE
        Info (286033): Parameter ADDRESS_REG_B set to CLOCK0
        Info (286033): Parameter INDATA_ACLR_A set to NONE
        Info (286033): Parameter WRCONTROL_ACLR_A set to NONE
        Info (286033): Parameter READ_DURING_WRITE_MODE_MIXED_PORTS set to OLD_DATA
        Info (286033): Parameter RDCONTROL_REG_B set to CLOCK0
    Info (276029): Inferred altsyncram megafunction from the following design logic: "ascal:ascal|altsyncram:o_line0[0].r[7]__2" 
        Info (286033): Parameter OPERATION_MODE set to DUAL_PORT
        Info (286033): Parameter WIDTH_A set to 24
        Info (286033): Parameter WIDTHAD_A set to 11
        Info (286033): Parameter NUMWORDS_A set to 2048
        Info (286033): Parameter WIDTH_B set to 24
        Info (286033): Parameter WIDTHAD_B set to 11
        Info (286033): Parameter NUMWORDS_B set to 2048
        Info (286033): Parameter ADDRESS_ACLR_A set to NONE
        Info (286033): Parameter OUTDATA_REG_B set to UNREGISTERED
        Info (286033): Parameter ADDRESS_ACLR_B set to NONE
        Info (286033): Parameter OUTDATA_ACLR_B set to NONE
        Info (286033): Parameter ADDRESS_REG_B set to CLOCK0
        Info (286033): Parameter INDATA_ACLR_A set to NONE
        Info (286033): Parameter WRCONTROL_ACLR_A set to NONE
        Info (286033): Parameter READ_DURING_WRITE_MODE_MIXED_PORTS set to OLD_DATA
    Info (276029): Inferred altsyncram megafunction from the following design logic: "ascal:ascal|altsyncram:o_line1[0].r[7]__3" 
        Info (286033): Parameter OPERATION_MODE set to DUAL_PORT
        Info (286033): Parameter WIDTH_A set to 24
        Info (286033): Parameter WIDTHAD_A set to 11
        Info (286033): Parameter NUMWORDS_A set to 2048
        Info (286033): Parameter WIDTH_B set to 24
        Info (286033): Parameter WIDTHAD_B set to 11
        Info (286033): Parameter NUMWORDS_B set to 2048
        Info (286033): Parameter ADDRESS_ACLR_A set to NONE
        Info (286033): Parameter OUTDATA_REG_B set to UNREGISTERED
        Info (286033): Parameter ADDRESS_ACLR_B set to NONE
        Info (286033): Parameter OUTDATA_ACLR_B set to NONE
        Info (286033): Parameter ADDRESS_REG_B set to CLOCK0
        Info (286033): Parameter INDATA_ACLR_A set to NONE
        Info (286033): Parameter WRCONTROL_ACLR_A set to NONE
        Info (286033): Parameter READ_DURING_WRITE_MODE_MIXED_PORTS set to OLD_DATA
    Info (276029): Inferred altsyncram megafunction from the following design logic: "ascal:ascal|altsyncram:o_line2[0].r[7]__4" 
        Info (286033): Parameter OPERATION_MODE set to DUAL_PORT
        Info (286033): Parameter WIDTH_A set to 24
        Info (286033): Parameter WIDTHAD_A set to 11
        Info (286033): Parameter NUMWORDS_A set to 2048
        Info (286033): Parameter WIDTH_B set to 24
        Info (286033): Parameter WIDTHAD_B set to 11
        Info (286033): Parameter NUMWORDS_B set to 2048
        Info (286033): Parameter ADDRESS_ACLR_A set to NONE
        Info (286033): Parameter OUTDATA_REG_B set to UNREGISTERED
        Info (286033): Parameter ADDRESS_ACLR_B set to NONE
        Info (286033): Parameter OUTDATA_ACLR_B set to NONE
        Info (286033): Parameter ADDRESS_REG_B set to CLOCK0
        Info (286033): Parameter INDATA_ACLR_A set to NONE
        Info (286033): Parameter WRCONTROL_ACLR_A set to NONE
        Info (286033): Parameter READ_DURING_WRITE_MODE_MIXED_PORTS set to OLD_DATA
    Info (276029): Inferred altsyncram megafunction from the following design logic: "ascal:ascal|altsyncram:o_line3[0].r[7]__5" 
        Info (286033): Parameter OPERATION_MODE set to DUAL_PORT
        Info (286033): Parameter WIDTH_A set to 24
        Info (286033): Parameter WIDTHAD_A set to 11
        Info (286033): Parameter NUMWORDS_A set to 2048
        Info (286033): Parameter WIDTH_B set to 24
        Info (286033): Parameter WIDTHAD_B set to 11
        Info (286033): Parameter NUMWORDS_B set to 2048
        Info (286033): Parameter ADDRESS_ACLR_A set to NONE
        Info (286033): Parameter OUTDATA_REG_B set to UNREGISTERED
        Info (286033): Parameter ADDRESS_ACLR_B set to NONE
        Info (286033): Parameter OUTDATA_ACLR_B set to NONE
        Info (286033): Parameter ADDRESS_REG_B set to CLOCK0
        Info (286033): Parameter INDATA_ACLR_A set to NONE
        Info (286033): Parameter WRCONTROL_ACLR_A set to NONE
        Info (286033): Parameter READ_DURING_WRITE_MODE_MIXED_PORTS set to OLD_DATA
    Info (276029): Inferred altsyncram megafunction from the following design logic: "ascal:ascal|altsyncram:o_linf0[0].r[7]__6" 
        Info (286033): Parameter OPERATION_MODE set to DUAL_PORT
        Info (286033): Parameter WIDTH_A set to 24
        Info (286033): Parameter WIDTHAD_A set to 8
        Info (286033): Parameter NUMWORDS_A set to 256
        Info (286033): Parameter WIDTH_B set to 24
        Info (286033): Parameter WIDTHAD_B set to 8
        Info (286033): Parameter NUMWORDS_B set to 256
        Info (286033): Parameter ADDRESS_ACLR_A set to NONE
        Info (286033): Parameter OUTDATA_REG_B set to UNREGISTERED
        Info (286033): Parameter ADDRESS_ACLR_B set to NONE
        Info (286033): Parameter OUTDATA_ACLR_B set to NONE
        Info (286033): Parameter ADDRESS_REG_B set to CLOCK0
        Info (286033): Parameter INDATA_ACLR_A set to NONE
        Info (286033): Parameter WRCONTROL_ACLR_A set to NONE
        Info (286033): Parameter READ_DURING_WRITE_MODE_MIXED_PORTS set to OLD_DATA
    Info (276029): Inferred altsyncram megafunction from the following design logic: "ascal:ascal|altsyncram:o_linf1[0].r[7]__7" 
        Info (286033): Parameter OPERATION_MODE set to DUAL_PORT
        Info (286033): Parameter WIDTH_A set to 24
        Info (286033): Parameter WIDTHAD_A set to 8
        Info (286033): Parameter NUMWORDS_A set to 256
        Info (286033): Parameter WIDTH_B set to 24
        Info (286033): Parameter WIDTHAD_B set to 8
        Info (286033): Parameter NUMWORDS_B set to 256
        Info (286033): Parameter ADDRESS_ACLR_A set to NONE
        Info (286033): Parameter OUTDATA_REG_B set to UNREGISTERED
        Info (286033): Parameter ADDRESS_ACLR_B set to NONE
        Info (286033): Parameter OUTDATA_ACLR_B set to NONE
        Info (286033): Parameter ADDRESS_REG_B set to CLOCK0
        Info (286033): Parameter INDATA_ACLR_A set to NONE
        Info (286033): Parameter WRCONTROL_ACLR_A set to NONE
        Info (286033): Parameter READ_DURING_WRITE_MODE_MIXED_PORTS set to OLD_DATA
    Info (276029): Inferred altsyncram megafunction from the following design logic: "ascal:ascal|altsyncram:o_linf2[0].r[7]__8" 
        Info (286033): Parameter OPERATION_MODE set to DUAL_PORT
        Info (286033): Parameter WIDTH_A set to 24
        Info (286033): Parameter WIDTHAD_A set to 8
        Info (286033): Parameter NUMWORDS_A set to 256
        Info (286033): Parameter WIDTH_B set to 24
        Info (286033): Parameter WIDTHAD_B set to 8
        Info (286033): Parameter NUMWORDS_B set to 256
        Info (286033): Parameter ADDRESS_ACLR_A set to NONE
        Info (286033): Parameter OUTDATA_REG_B set to UNREGISTERED
        Info (286033): Parameter ADDRESS_ACLR_B set to NONE
        Info (286033): Parameter OUTDATA_ACLR_B set to NONE
        Info (286033): Parameter ADDRESS_REG_B set to CLOCK0
        Info (286033): Parameter INDATA_ACLR_A set to NONE
        Info (286033): Parameter WRCONTROL_ACLR_A set to NONE
        Info (286033): Parameter READ_DURING_WRITE_MODE_MIXED_PORTS set to OLD_DATA
    Info (276029): Inferred altsyncram megafunction from the following design logic: "ascal:ascal|altsyncram:o_linf3[0].r[7]__9" 
        Info (286033): Parameter OPERATION_MODE set to DUAL_PORT
        Info (286033): Parameter WIDTH_A set to 24
        Info (286033): Parameter WIDTHAD_A set to 8
        Info (286033): Parameter NUMWORDS_A set to 256
        Info (286033): Parameter WIDTH_B set to 24
        Info (286033): Parameter WIDTHAD_B set to 8
        Info (286033): Parameter NUMWORDS_B set to 256
        Info (286033): Parameter ADDRESS_ACLR_A set to NONE
        Info (286033): Parameter OUTDATA_REG_B set to UNREGISTERED
        Info (286033): Parameter ADDRESS_ACLR_B set to NONE
        Info (286033): Parameter OUTDATA_ACLR_B set to NONE
        Info (286033): Parameter ADDRESS_REG_B set to CLOCK0
        Info (286033): Parameter INDATA_ACLR_A set to NONE
        Info (286033): Parameter WRCONTROL_ACLR_A set to NONE
        Info (286033): Parameter READ_DURING_WRITE_MODE_MIXED_PORTS set to OLD_DATA
Info (12128): Elaborating entity "altsyncram" for hierarchy "ascal:ascal|altsyncram:i_mem[0].r[7]__1"
Info (12130): Elaborated megafunction instantiation "ascal:ascal|altsyncram:i_mem[0].r[7]__1"
Info (12133): Instantiated megafunction "ascal:ascal|altsyncram:i_mem[0].r[7]__1" with the following parameter:
    Info (12134): Parameter "OPERATION_MODE" = "DUAL_PORT"
    Info (12134): Parameter "WIDTH_A" = "24"
    Info (12134): Parameter "WIDTHAD_A" = "11"
    Info (12134): Parameter "NUMWORDS_A" = "2048"
    Info (12134): Parameter "WIDTH_B" = "24"
    Info (12134): Parameter "WIDTHAD_B" = "11"
    Info (12134): Parameter "NUMWORDS_B" = "2048"
    Info (12134): Parameter "ADDRESS_ACLR_A" = "NONE"
    Info (12134): Parameter "OUTDATA_REG_B" = "UNREGISTERED"
    Info (12134): Parameter "ADDRESS_ACLR_B" = "NONE"
    Info (12134): Parameter "OUTDATA_ACLR_B" = "NONE"
    Info (12134): Parameter "ADDRESS_REG_B" = "CLOCK0"
    Info (12134): Parameter "INDATA_ACLR_A" = "NONE"
    Info (12134): Parameter "WRCONTROL_ACLR_A" = "NONE"
    Info (12134): Parameter "READ_DURING_WRITE_MODE_MIXED_PORTS" = "OLD_DATA"
    Info (12134): Parameter "RDCONTROL_REG_B" = "CLOCK0"
Info (12021): Found 1 design units, including 1 entities, in source file db/altsyncram_89q1.tdf
    Info (12023): Found entity 1: altsyncram_89q1 File: /tmp/h_Arcade-MCR3_MiSTer/db/altsyncram_89q1.tdf Line: 28
Info (12128): Elaborating entity "altsyncram_89q1" for hierarchy "ascal:ascal|altsyncram:i_mem[0].r[7]__1|altsyncram_89q1:auto_generated" File: /opt/intelFPGA/17.0/quartus/libraries/megafunctions/altsyncram.tdf Line: 792
Info (12128): Elaborating entity "altsyncram" for hierarchy "ascal:ascal|altsyncram:o_line0[0].r[7]__2"
Info (12130): Elaborated megafunction instantiation "ascal:ascal|altsyncram:o_line0[0].r[7]__2"
Info (12133): Instantiated megafunction "ascal:ascal|altsyncram:o_line0[0].r[7]__2" with the following parameter:
    Info (12134): Parameter "OPERATION_MODE" = "DUAL_PORT"
    Info (12134): Parameter "WIDTH_A" = "24"
    Info (12134): Parameter "WIDTHAD_A" = "11"
    Info (12134): Parameter "NUMWORDS_A" = "2048"
    Info (12134): Parameter "WIDTH_B" = "24"
    Info (12134): Parameter "WIDTHAD_B" = "11"
    Info (12134): Parameter "NUMWORDS_B" = "2048"
    Info (12134): Parameter "ADDRESS_ACLR_A" = "NONE"
    Info (12134): Parameter "OUTDATA_REG_B" = "UNREGISTERED"
    Info (12134): Parameter "ADDRESS_ACLR_B" = "NONE"
    Info (12134): Parameter "OUTDATA_ACLR_B" = "NONE"
    Info (12134): Parameter "ADDRESS_REG_B" = "CLOCK0"
    Info (12134): Parameter "INDATA_ACLR_A" = "NONE"
    Info (12134): Parameter "WRCONTROL_ACLR_A" = "NONE"
    Info (12134): Parameter "READ_DURING_WRITE_MODE_MIXED_PORTS" = "OLD_DATA"
Info (12021): Found 1 design units, including 1 entities, in source file db/altsyncram_ccn1.tdf
    Info (12023): Found entity 1: altsyncram_ccn1 File: /tmp/h_Arcade-MCR3_MiSTer/db/altsyncram_ccn1.tdf Line: 28
Info (12128): Elaborating entity "altsyncram_ccn1" for hierarchy "ascal:ascal|altsyncram:o_line0[0].r[7]__2|altsyncram_ccn1:auto_generated" File: /opt/intelFPGA/17.0/quartus/libraries/megafunctions/altsyncram.tdf Line: 792
Info (12128): Elaborating entity "altsyncram" for hierarchy "ascal:ascal|altsyncram:o_linf0[0].r[7]__6"
Info (12130): Elaborated megafunction instantiation "ascal:ascal|altsyncram:o_linf0[0].r[7]__6"
Info (12133): Instantiated megafunction "ascal:ascal|altsyncram:o_linf0[0].r[7]__6" with the following parameter:
    Info (12134): Parameter "OPERATION_MODE" = "DUAL_PORT"
    Info (12134): Parameter "WIDTH_A" = "24"
    Info (12134): Parameter "WIDTHAD_A" = "8"
    Info (12134): Parameter "NUMWORDS_A" = "256"
    Info (12134): Parameter "WIDTH_B" = "24"
    Info (12134): Parameter "WIDTHAD_B" = "8"
    Info (12134): Parameter "NUMWORDS_B" = "256"
    Info (12134): Parameter "ADDRESS_ACLR_A" = "NONE"
    Info (12134): Parameter "OUTDATA_REG_B" = "UNREGISTERED"
    Info (12134): Parameter "ADDRESS_ACLR_B" = "NONE"
    Info (12134): Parameter "OUTDATA_ACLR_B" = "NONE"
    Info (12134): Parameter "ADDRESS_REG_B" = "CLOCK0"
    Info (12134): Parameter "INDATA_ACLR_A" = "NONE"
    Info (12134): Parameter "WRCONTROL_ACLR_A" = "NONE"
    Info (12134): Parameter "READ_DURING_WRITE_MODE_MIXED_PORTS" = "OLD_DATA"
Info (12021): Found 1 design units, including 1 entities, in source file db/altsyncram_m6n1.tdf
    Info (12023): Found entity 1: altsyncram_m6n1 File: /tmp/h_Arcade-MCR3_MiSTer/db/altsyncram_m6n1.tdf Line: 28
Info (12128): Elaborating entity "altsyncram_m6n1" for hierarchy "ascal:ascal|altsyncram:o_linf0[0].r[7]__6|altsyncram_m6n1:auto_generated" File: /opt/intelFPGA/17.0/quartus/libraries/megafunctions/altsyncram.tdf Line: 792
Info (12128): Elaborating entity "sys_umuldiv" for hierarchy "sys_umuldiv:ar_muldiv" File: /tmp/h_Arcade-MCR3_MiSTer/sys/sys_top.v Line: 882
Info (12128): Elaborating entity "sys_umul" for hierarchy "sys_umuldiv:ar_muldiv|sys_umul:umul" File: /tmp/h_Arcade-MCR3_MiSTer/sys/math.sv Line: 105
Info (12128): Elaborating entity "sys_udiv" for hierarchy "sys_umuldiv:ar_muldiv|sys_udiv:udiv" File: /tmp/h_Arcade-MCR3_MiSTer/sys/math.sv Line: 107
Info (12128): Elaborating entity "pll_hdmi_adj" for hierarchy "pll_hdmi_adj:pll_hdmi_adj" File: /tmp/h_Arcade-MCR3_MiSTer/sys/sys_top.v Line: 1007
Info (12128): Elaborating entity "pll_hdmi" for hierarchy "pll_hdmi:pll_hdmi" File: /tmp/h_Arcade-MCR3_MiSTer/sys/sys_top.v Line: 1041
Info (12128): Elaborating entity "pll_hdmi_0002" for hierarchy "pll_hdmi:pll_hdmi|pll_hdmi_0002:pll_hdmi_inst" File: /tmp/h_Arcade-MCR3_MiSTer/sys/pll_hdmi.v Line: 23
Info (12128): Elaborating entity "altera_pll" for hierarchy "pll_hdmi:pll_hdmi|pll_hdmi_0002:pll_hdmi_inst|altera_pll:altera_pll_i" File: /tmp/h_Arcade-MCR3_MiSTer/sys/pll_hdmi/pll_hdmi_0002.v Line: 239
Info (10008): Verilog HDL or VHDL information: EDA Netlist Writer cannot regroup multidimensional array "wire_to_nowhere_64" into its bus
Info (12130): Elaborated megafunction instantiation "pll_hdmi:pll_hdmi|pll_hdmi_0002:pll_hdmi_inst|altera_pll:altera_pll_i" File: /tmp/h_Arcade-MCR3_MiSTer/sys/pll_hdmi/pll_hdmi_0002.v Line: 239
Info (12133): Instantiated megafunction "pll_hdmi:pll_hdmi|pll_hdmi_0002:pll_hdmi_inst|altera_pll:altera_pll_i" with the following parameter: File: /tmp/h_Arcade-MCR3_MiSTer/sys/pll_hdmi/pll_hdmi_0002.v Line: 239
    Info (12134): Parameter "fractional_vco_multiplier" = "true"
    Info (12134): Parameter "reference_clock_frequency" = "50.0 MHz"
    Info (12134): Parameter "pll_fractional_cout" = "32"
    Info (12134): Parameter "pll_dsm_out_sel" = "1st_order"
    Info (12134): Parameter "operation_mode" = "direct"
    Info (12134): Parameter "number_of_clocks" = "1"
    Info (12134): Parameter "output_clock_frequency0" = "148.500000 MHz"
    Info (12134): Parameter "phase_shift0" = "0 ps"
    Info (12134): Parameter "duty_cycle0" = "50"
    Info (12134): Parameter "output_clock_frequency1" = "0 MHz"
    Info (12134): Parameter "phase_shift1" = "0 ps"
    Info (12134): Parameter "duty_cycle1" = "50"
    Info (12134): Parameter "output_clock_frequency2" = "0 MHz"
    Info (12134): Parameter "phase_shift2" = "0 ps"
    Info (12134): Parameter "duty_cycle2" = "50"
    Info (12134): Parameter "output_clock_frequency3" = "0 MHz"
    Info (12134): Parameter "phase_shift3" = "0 ps"
    Info (12134): Parameter "duty_cycle3" = "50"
    Info (12134): Parameter "output_clock_frequency4" = "0 MHz"
    Info (12134): Parameter "phase_shift4" = "0 ps"
    Info (12134): Parameter "duty_cycle4" = "50"
    Info (12134): Parameter "output_clock_frequency5" = "0 MHz"
    Info (12134): Parameter "phase_shift5" = "0 ps"
    Info (12134): Parameter "duty_cycle5" = "50"
    Info (12134): Parameter "output_clock_frequency6" = "0 MHz"
    Info (12134): Parameter "phase_shift6" = "0 ps"
    Info (12134): Parameter "duty_cycle6" = "50"
    Info (12134): Parameter "output_clock_frequency7" = "0 MHz"
    Info (12134): Parameter "phase_shift7" = "0 ps"
    Info (12134): Parameter "duty_cycle7" = "50"
    Info (12134): Parameter "output_clock_frequency8" = "0 MHz"
    Info (12134): Parameter "phase_shift8" = "0 ps"
    Info (12134): Parameter "duty_cycle8" = "50"
    Info (12134): Parameter "output_clock_frequency9" = "0 MHz"
    Info (12134): Parameter "phase_shift9" = "0 ps"
    Info (12134): Parameter "duty_cycle9" = "50"
    Info (12134): Parameter "output_clock_frequency10" = "0 MHz"
    Info (12134): Parameter "phase_shift10" = "0 ps"
    Info (12134): Parameter "duty_cycle10" = "50"
    Info (12134): Parameter "output_clock_frequency11" = "0 MHz"
    Info (12134): Parameter "phase_shift11" = "0 ps"
    Info (12134): Parameter "duty_cycle11" = "50"
    Info (12134): Parameter "output_clock_frequency12" = "0 MHz"
    Info (12134): Parameter "phase_shift12" = "0 ps"
    Info (12134): Parameter "duty_cycle12" = "50"
    Info (12134): Parameter "output_clock_frequency13" = "0 MHz"
    Info (12134): Parameter "phase_shift13" = "0 ps"
    Info (12134): Parameter "duty_cycle13" = "50"
    Info (12134): Parameter "output_clock_frequency14" = "0 MHz"
    Info (12134): Parameter "phase_shift14" = "0 ps"
    Info (12134): Parameter "duty_cycle14" = "50"
    Info (12134): Parameter "output_clock_frequency15" = "0 MHz"
    Info (12134): Parameter "phase_shift15" = "0 ps"
    Info (12134): Parameter "duty_cycle15" = "50"
    Info (12134): Parameter "output_clock_frequency16" = "0 MHz"
    Info (12134): Parameter "phase_shift16" = "0 ps"
    Info (12134): Parameter "duty_cycle16" = "50"
    Info (12134): Parameter "output_clock_frequency17" = "0 MHz"
    Info (12134): Parameter "phase_shift17" = "0 ps"
    Info (12134): Parameter "duty_cycle17" = "50"
    Info (12134): Parameter "pll_type" = "Cyclone V"
    Info (12134): Parameter "pll_subtype" = "Reconfigurable"
    Info (12134): Parameter "m_cnt_hi_div" = "4"
    Info (12134): Parameter "m_cnt_lo_div" = "4"
    Info (12134): Parameter "n_cnt_hi_div" = "256"
    Info (12134): Parameter "n_cnt_lo_div" = "256"
    Info (12134): Parameter "m_cnt_bypass_en" = "false"
    Info (12134): Parameter "n_cnt_bypass_en" = "true"
    Info (12134): Parameter "m_cnt_odd_div_duty_en" = "false"
    Info (12134): Parameter "n_cnt_odd_div_duty_en" = "false"
    Info (12134): Parameter "c_cnt_hi_div0" = "2"
    Info (12134): Parameter "c_cnt_lo_div0" = "1"
    Info (12134): Parameter "c_cnt_prst0" = "1"
    Info (12134): Parameter "c_cnt_ph_mux_prst0" = "0"
    Info (12134): Parameter "c_cnt_in_src0" = "ph_mux_clk"
    Info (12134): Parameter "c_cnt_bypass_en0" = "false"
    Info (12134): Parameter "c_cnt_odd_div_duty_en0" = "true"
    Info (12134): Parameter "c_cnt_hi_div1" = "1"
    Info (12134): Parameter "c_cnt_lo_div1" = "1"
    Info (12134): Parameter "c_cnt_prst1" = "1"
    Info (12134): Parameter "c_cnt_ph_mux_prst1" = "0"
    Info (12134): Parameter "c_cnt_in_src1" = "ph_mux_clk"
    Info (12134): Parameter "c_cnt_bypass_en1" = "true"
    Info (12134): Parameter "c_cnt_odd_div_duty_en1" = "false"
    Info (12134): Parameter "c_cnt_hi_div2" = "1"
    Info (12134): Parameter "c_cnt_lo_div2" = "1"
    Info (12134): Parameter "c_cnt_prst2" = "1"
    Info (12134): Parameter "c_cnt_ph_mux_prst2" = "0"
    Info (12134): Parameter "c_cnt_in_src2" = "ph_mux_clk"
    Info (12134): Parameter "c_cnt_bypass_en2" = "true"
    Info (12134): Parameter "c_cnt_odd_div_duty_en2" = "false"
    Info (12134): Parameter "c_cnt_hi_div3" = "1"
    Info (12134): Parameter "c_cnt_lo_div3" = "1"
    Info (12134): Parameter "c_cnt_prst3" = "1"
    Info (12134): Parameter "c_cnt_ph_mux_prst3" = "0"
    Info (12134): Parameter "c_cnt_in_src3" = "ph_mux_clk"
    Info (12134): Parameter "c_cnt_bypass_en3" = "true"
    Info (12134): Parameter "c_cnt_odd_div_duty_en3" = "false"
    Info (12134): Parameter "c_cnt_hi_div4" = "1"
    Info (12134): Parameter "c_cnt_lo_div4" = "1"
    Info (12134): Parameter "c_cnt_prst4" = "1"
    Info (12134): Parameter "c_cnt_ph_mux_prst4" = "0"
    Info (12134): Parameter "c_cnt_in_src4" = "ph_mux_clk"
    Info (12134): Parameter "c_cnt_bypass_en4" = "true"
    Info (12134): Parameter "c_cnt_odd_div_duty_en4" = "false"
    Info (12134): Parameter "c_cnt_hi_div5" = "1"
    Info (12134): Parameter "c_cnt_lo_div5" = "1"
    Info (12134): Parameter "c_cnt_prst5" = "1"
    Info (12134): Parameter "c_cnt_ph_mux_prst5" = "0"
    Info (12134): Parameter "c_cnt_in_src5" = "ph_mux_clk"
    Info (12134): Parameter "c_cnt_bypass_en5" = "true"
    Info (12134): Parameter "c_cnt_odd_div_duty_en5" = "false"
    Info (12134): Parameter "c_cnt_hi_div6" = "1"
    Info (12134): Parameter "c_cnt_lo_div6" = "1"
    Info (12134): Parameter "c_cnt_prst6" = "1"
    Info (12134): Parameter "c_cnt_ph_mux_prst6" = "0"
    Info (12134): Parameter "c_cnt_in_src6" = "ph_mux_clk"
    Info (12134): Parameter "c_cnt_bypass_en6" = "true"
    Info (12134): Parameter "c_cnt_odd_div_duty_en6" = "false"
    Info (12134): Parameter "c_cnt_hi_div7" = "1"
    Info (12134): Parameter "c_cnt_lo_div7" = "1"
    Info (12134): Parameter "c_cnt_prst7" = "1"
    Info (12134): Parameter "c_cnt_ph_mux_prst7" = "0"
    Info (12134): Parameter "c_cnt_in_src7" = "ph_mux_clk"
    Info (12134): Parameter "c_cnt_bypass_en7" = "true"
    Info (12134): Parameter "c_cnt_odd_div_duty_en7" = "false"
    Info (12134): Parameter "c_cnt_hi_div8" = "1"
    Info (12134): Parameter "c_cnt_lo_div8" = "1"
    Info (12134): Parameter "c_cnt_prst8" = "1"
    Info (12134): Parameter "c_cnt_ph_mux_prst8" = "0"
    Info (12134): Parameter "c_cnt_in_src8" = "ph_mux_clk"
    Info (12134): Parameter "c_cnt_bypass_en8" = "true"
    Info (12134): Parameter "c_cnt_odd_div_duty_en8" = "false"
    Info (12134): Parameter "c_cnt_hi_div9" = "1"
    Info (12134): Parameter "c_cnt_lo_div9" = "1"
    Info (12134): Parameter "c_cnt_prst9" = "1"
    Info (12134): Parameter "c_cnt_ph_mux_prst9" = "0"
    Info (12134): Parameter "c_cnt_in_src9" = "ph_mux_clk"
    Info (12134): Parameter "c_cnt_bypass_en9" = "true"
    Info (12134): Parameter "c_cnt_odd_div_duty_en9" = "false"
    Info (12134): Parameter "c_cnt_hi_div10" = "1"
    Info (12134): Parameter "c_cnt_lo_div10" = "1"
    Info (12134): Parameter "c_cnt_prst10" = "1"
    Info (12134): Parameter "c_cnt_ph_mux_prst10" = "0"
    Info (12134): Parameter "c_cnt_in_src10" = "ph_mux_clk"
    Info (12134): Parameter "c_cnt_bypass_en10" = "true"
    Info (12134): Parameter "c_cnt_odd_div_duty_en10" = "false"
    Info (12134): Parameter "c_cnt_hi_div11" = "1"
    Info (12134): Parameter "c_cnt_lo_div11" = "1"
    Info (12134): Parameter "c_cnt_prst11" = "1"
    Info (12134): Parameter "c_cnt_ph_mux_prst11" = "0"
    Info (12134): Parameter "c_cnt_in_src11" = "ph_mux_clk"
    Info (12134): Parameter "c_cnt_bypass_en11" = "true"
    Info (12134): Parameter "c_cnt_odd_div_duty_en11" = "false"
    Info (12134): Parameter "c_cnt_hi_div12" = "1"
    Info (12134): Parameter "c_cnt_lo_div12" = "1"
    Info (12134): Parameter "c_cnt_prst12" = "1"
    Info (12134): Parameter "c_cnt_ph_mux_prst12" = "0"
    Info (12134): Parameter "c_cnt_in_src12" = "ph_mux_clk"
    Info (12134): Parameter "c_cnt_bypass_en12" = "true"
    Info (12134): Parameter "c_cnt_odd_div_duty_en12" = "false"
    Info (12134): Parameter "c_cnt_hi_div13" = "1"
    Info (12134): Parameter "c_cnt_lo_div13" = "1"
    Info (12134): Parameter "c_cnt_prst13" = "1"
    Info (12134): Parameter "c_cnt_ph_mux_prst13" = "0"
    Info (12134): Parameter "c_cnt_in_src13" = "ph_mux_clk"
    Info (12134): Parameter "c_cnt_bypass_en13" = "true"
    Info (12134): Parameter "c_cnt_odd_div_duty_en13" = "false"
    Info (12134): Parameter "c_cnt_hi_div14" = "1"
    Info (12134): Parameter "c_cnt_lo_div14" = "1"
    Info (12134): Parameter "c_cnt_prst14" = "1"
    Info (12134): Parameter "c_cnt_ph_mux_prst14" = "0"
    Info (12134): Parameter "c_cnt_in_src14" = "ph_mux_clk"
    Info (12134): Parameter "c_cnt_bypass_en14" = "true"
    Info (12134): Parameter "c_cnt_odd_div_duty_en14" = "false"
    Info (12134): Parameter "c_cnt_hi_div15" = "1"
    Info (12134): Parameter "c_cnt_lo_div15" = "1"
    Info (12134): Parameter "c_cnt_prst15" = "1"
    Info (12134): Parameter "c_cnt_ph_mux_prst15" = "0"
    Info (12134): Parameter "c_cnt_in_src15" = "ph_mux_clk"
    Info (12134): Parameter "c_cnt_bypass_en15" = "true"
    Info (12134): Parameter "c_cnt_odd_div_duty_en15" = "false"
    Info (12134): Parameter "c_cnt_hi_div16" = "1"
    Info (12134): Parameter "c_cnt_lo_div16" = "1"
    Info (12134): Parameter "c_cnt_prst16" = "1"
    Info (12134): Parameter "c_cnt_ph_mux_prst16" = "0"
    Info (12134): Parameter "c_cnt_in_src16" = "ph_mux_clk"
    Info (12134): Parameter "c_cnt_bypass_en16" = "true"
    Info (12134): Parameter "c_cnt_odd_div_duty_en16" = "false"
    Info (12134): Parameter "c_cnt_hi_div17" = "1"
    Info (12134): Parameter "c_cnt_lo_div17" = "1"
    Info (12134): Parameter "c_cnt_prst17" = "1"
    Info (12134): Parameter "c_cnt_ph_mux_prst17" = "0"
    Info (12134): Parameter "c_cnt_in_src17" = "ph_mux_clk"
    Info (12134): Parameter "c_cnt_bypass_en17" = "true"
    Info (12134): Parameter "c_cnt_odd_div_duty_en17" = "false"
    Info (12134): Parameter "pll_vco_div" = "2"
    Info (12134): Parameter "pll_cp_current" = "20"
    Info (12134): Parameter "pll_bwctrl" = "4000"
    Info (12134): Parameter "pll_output_clk_frequency" = "445.499999 MHz"
    Info (12134): Parameter "pll_fractional_division" = "3908420153"
    Info (12134): Parameter "mimic_fbclk_type" = "none"
    Info (12134): Parameter "pll_fbclk_mux_1" = "glb"
    Info (12134): Parameter "pll_fbclk_mux_2" = "m_cnt"
    Info (12134): Parameter "pll_m_cnt_in_src" = "ph_mux_clk"
    Info (12134): Parameter "pll_slf_rst" = "true"
Info (12128): Elaborating entity "dps_extra_kick" for hierarchy "pll_hdmi:pll_hdmi|pll_hdmi_0002:pll_hdmi_inst|altera_pll:altera_pll_i|dps_extra_kick:dps_extra_inst" File: /opt/intelFPGA/17.0/quartus/libraries/megafunctions/altera_pll.v Line: 769
Info (12131): Elaborated megafunction instantiation "pll_hdmi:pll_hdmi|pll_hdmi_0002:pll_hdmi_inst|altera_pll:altera_pll_i|dps_extra_kick:dps_extra_inst", which is child of megafunction instantiation "pll_hdmi:pll_hdmi|pll_hdmi_0002:pll_hdmi_inst|altera_pll:altera_pll_i" File: /opt/intelFPGA/17.0/quartus/libraries/megafunctions/altera_pll.v Line: 769
Info (12128): Elaborating entity "dprio_init" for hierarchy "pll_hdmi:pll_hdmi|pll_hdmi_0002:pll_hdmi_inst|altera_pll:altera_pll_i|dprio_init:dprio_init_inst" File: /opt/intelFPGA/17.0/quartus/libraries/megafunctions/altera_pll.v Line: 784
Info (12131): Elaborated megafunction instantiation "pll_hdmi:pll_hdmi|pll_hdmi_0002:pll_hdmi_inst|altera_pll:altera_pll_i|dprio_init:dprio_init_inst", which is child of megafunction instantiation "pll_hdmi:pll_hdmi|pll_hdmi_0002:pll_hdmi_inst|altera_pll:altera_pll_i" File: /opt/intelFPGA/17.0/quartus/libraries/megafunctions/altera_pll.v Line: 784
Info (12128): Elaborating entity "altera_pll_dps_lcell_comb" for hierarchy "pll_hdmi:pll_hdmi|pll_hdmi_0002:pll_hdmi_inst|altera_pll:altera_pll_i|altera_pll_dps_lcell_comb:lcell_cntsel_int_0" File: /opt/intelFPGA/17.0/quartus/libraries/megafunctions/altera_pll.v Line: 1961
Info (12131): Elaborated megafunction instantiation "pll_hdmi:pll_hdmi|pll_hdmi_0002:pll_hdmi_inst|altera_pll:altera_pll_i|altera_pll_dps_lcell_comb:lcell_cntsel_int_0", which is child of megafunction instantiation "pll_hdmi:pll_hdmi|pll_hdmi_0002:pll_hdmi_inst|altera_pll:altera_pll_i" File: /opt/intelFPGA/17.0/quartus/libraries/megafunctions/altera_pll.v Line: 1961
Info (12128): Elaborating entity "altera_pll_dps_lcell_comb" for hierarchy "pll_hdmi:pll_hdmi|pll_hdmi_0002:pll_hdmi_inst|altera_pll:altera_pll_i|altera_pll_dps_lcell_comb:lcell_cntsel_int_1" File: /opt/intelFPGA/17.0/quartus/libraries/megafunctions/altera_pll.v Line: 1972
Info (12131): Elaborated megafunction instantiation "pll_hdmi:pll_hdmi|pll_hdmi_0002:pll_hdmi_inst|altera_pll:altera_pll_i|altera_pll_dps_lcell_comb:lcell_cntsel_int_1", which is child of megafunction instantiation "pll_hdmi:pll_hdmi|pll_hdmi_0002:pll_hdmi_inst|altera_pll:altera_pll_i" File: /opt/intelFPGA/17.0/quartus/libraries/megafunctions/altera_pll.v Line: 1972
Info (12128): Elaborating entity "altera_pll_dps_lcell_comb" for hierarchy "pll_hdmi:pll_hdmi|pll_hdmi_0002:pll_hdmi_inst|altera_pll:altera_pll_i|altera_pll_dps_lcell_comb:lcell_cntsel_int_2" File: /opt/intelFPGA/17.0/quartus/libraries/megafunctions/altera_pll.v Line: 1983
Info (12131): Elaborated megafunction instantiation "pll_hdmi:pll_hdmi|pll_hdmi_0002:pll_hdmi_inst|altera_pll:altera_pll_i|altera_pll_dps_lcell_comb:lcell_cntsel_int_2", which is child of megafunction instantiation "pll_hdmi:pll_hdmi|pll_hdmi_0002:pll_hdmi_inst|altera_pll:altera_pll_i" File: /opt/intelFPGA/17.0/quartus/libraries/megafunctions/altera_pll.v Line: 1983
Info (12128): Elaborating entity "altera_pll_dps_lcell_comb" for hierarchy "pll_hdmi:pll_hdmi|pll_hdmi_0002:pll_hdmi_inst|altera_pll:altera_pll_i|altera_pll_dps_lcell_comb:lcell_cntsel_int_3" File: /opt/intelFPGA/17.0/quartus/libraries/megafunctions/altera_pll.v Line: 1994
Info (12131): Elaborated megafunction instantiation "pll_hdmi:pll_hdmi|pll_hdmi_0002:pll_hdmi_inst|altera_pll:altera_pll_i|altera_pll_dps_lcell_comb:lcell_cntsel_int_3", which is child of megafunction instantiation "pll_hdmi:pll_hdmi|pll_hdmi_0002:pll_hdmi_inst|altera_pll:altera_pll_i" File: /opt/intelFPGA/17.0/quartus/libraries/megafunctions/altera_pll.v Line: 1994
Info (12128): Elaborating entity "altera_pll_dps_lcell_comb" for hierarchy "pll_hdmi:pll_hdmi|pll_hdmi_0002:pll_hdmi_inst|altera_pll:altera_pll_i|altera_pll_dps_lcell_comb:lcell_cntsel_int_4" File: /opt/intelFPGA/17.0/quartus/libraries/megafunctions/altera_pll.v Line: 2005
Info (12131): Elaborated megafunction instantiation "pll_hdmi:pll_hdmi|pll_hdmi_0002:pll_hdmi_inst|altera_pll:altera_pll_i|altera_pll_dps_lcell_comb:lcell_cntsel_int_4", which is child of megafunction instantiation "pll_hdmi:pll_hdmi|pll_hdmi_0002:pll_hdmi_inst|altera_pll:altera_pll_i" File: /opt/intelFPGA/17.0/quartus/libraries/megafunctions/altera_pll.v Line: 2005
Info (12128): Elaborating entity "altera_cyclonev_pll" for hierarchy "pll_hdmi:pll_hdmi|pll_hdmi_0002:pll_hdmi_inst|altera_pll:altera_pll_i|altera_cyclonev_pll:cyclonev_pll" File: /opt/intelFPGA/17.0/quartus/libraries/megafunctions/altera_pll.v Line: 2224
Info (12131): Elaborated megafunction instantiation "pll_hdmi:pll_hdmi|pll_hdmi_0002:pll_hdmi_inst|altera_pll:altera_pll_i|altera_cyclonev_pll:cyclonev_pll", which is child of megafunction instantiation "pll_hdmi:pll_hdmi|pll_hdmi_0002:pll_hdmi_inst|altera_pll:altera_pll_i" File: /opt/intelFPGA/17.0/quartus/libraries/megafunctions/altera_pll.v Line: 2224
Info (12128): Elaborating entity "altera_cyclonev_pll_base" for hierarchy "pll_hdmi:pll_hdmi|pll_hdmi_0002:pll_hdmi_inst|altera_pll:altera_pll_i|altera_cyclonev_pll:cyclonev_pll|altera_cyclonev_pll_base:fpll_0" File: /opt/intelFPGA/17.0/quartus/libraries/megafunctions/altera_cyclonev_pll.v Line: 1153
Info (12131): Elaborated megafunction instantiation "pll_hdmi:pll_hdmi|pll_hdmi_0002:pll_hdmi_inst|altera_pll:altera_pll_i|altera_cyclonev_pll:cyclonev_pll|altera_cyclonev_pll_base:fpll_0", which is child of megafunction instantiation "pll_hdmi:pll_hdmi|pll_hdmi_0002:pll_hdmi_inst|altera_pll:altera_pll_i" File: /opt/intelFPGA/17.0/quartus/libraries/megafunctions/altera_cyclonev_pll.v Line: 1153
Info (12128): Elaborating entity "pll_cfg_hdmi" for hierarchy "pll_cfg_hdmi:pll_cfg_hdmi" File: /tmp/h_Arcade-MCR3_MiSTer/sys/sys_top.v Line: 1076
Info (12128): Elaborating entity "altera_std_synchronizer" for hierarchy "pll_cfg_hdmi:pll_cfg_hdmi|altera_std_synchronizer:altera_std_synchronizer_inst" File: /tmp/h_Arcade-MCR3_MiSTer/sys/pll_cfg/pll_cfg_hdmi.v Line: 271
Info (12130): Elaborated megafunction instantiation "pll_cfg_hdmi:pll_cfg_hdmi|altera_std_synchronizer:altera_std_synchronizer_inst" File: /tmp/h_Arcade-MCR3_MiSTer/sys/pll_cfg/pll_cfg_hdmi.v Line: 271
Info (12133): Instantiated megafunction "pll_cfg_hdmi:pll_cfg_hdmi|altera_std_synchronizer:altera_std_synchronizer_inst" with the following parameter: File: /tmp/h_Arcade-MCR3_MiSTer/sys/pll_cfg/pll_cfg_hdmi.v Line: 271
    Info (12134): Parameter "depth" = "3"
Info (12128): Elaborating entity "dyn_phase_shift" for hierarchy "pll_cfg_hdmi:pll_cfg_hdmi|dyn_phase_shift:dyn_phase_shift_inst" File: /tmp/h_Arcade-MCR3_MiSTer/sys/pll_cfg/pll_cfg_hdmi.v Line: 1169
Info (12128): Elaborating entity "generic_lcell_comb" for hierarchy "pll_cfg_hdmi:pll_cfg_hdmi|dyn_phase_shift:dyn_phase_shift_inst|generic_lcell_comb:lcell_cnt_sel_0" File: /tmp/h_Arcade-MCR3_MiSTer/sys/pll_cfg/altera_pll_reconfig_core.v Line: 2060
Info (12128): Elaborating entity "generic_lcell_comb" for hierarchy "pll_cfg_hdmi:pll_cfg_hdmi|dyn_phase_shift:dyn_phase_shift_inst|generic_lcell_comb:lcell_cnt_sel_1" File: /tmp/h_Arcade-MCR3_MiSTer/sys/pll_cfg/altera_pll_reconfig_core.v Line: 2071
Info (12128): Elaborating entity "generic_lcell_comb" for hierarchy "pll_cfg_hdmi:pll_cfg_hdmi|dyn_phase_shift:dyn_phase_shift_inst|generic_lcell_comb:lcell_cnt_sel_2" File: /tmp/h_Arcade-MCR3_MiSTer/sys/pll_cfg/altera_pll_reconfig_core.v Line: 2082
Info (12128): Elaborating entity "generic_lcell_comb" for hierarchy "pll_cfg_hdmi:pll_cfg_hdmi|dyn_phase_shift:dyn_phase_shift_inst|generic_lcell_comb:lcell_cnt_sel_3" File: /tmp/h_Arcade-MCR3_MiSTer/sys/pll_cfg/altera_pll_reconfig_core.v Line: 2093
Info (12128): Elaborating entity "generic_lcell_comb" for hierarchy "pll_cfg_hdmi:pll_cfg_hdmi|dyn_phase_shift:dyn_phase_shift_inst|generic_lcell_comb:lcell_cnt_sel_4" File: /tmp/h_Arcade-MCR3_MiSTer/sys/pll_cfg/altera_pll_reconfig_core.v Line: 2104
Info (12128): Elaborating entity "self_reset" for hierarchy "pll_cfg_hdmi:pll_cfg_hdmi|self_reset:self_reset_inst" File: /tmp/h_Arcade-MCR3_MiSTer/sys/pll_cfg/pll_cfg_hdmi.v Line: 1173
Info (12128): Elaborating entity "dprio_mux" for hierarchy "pll_cfg_hdmi:pll_cfg_hdmi|dprio_mux:dprio_mux_inst" File: /tmp/h_Arcade-MCR3_MiSTer/sys/pll_cfg/pll_cfg_hdmi.v Line: 1211
Info (12128): Elaborating entity "fpll_dprio_init" for hierarchy "pll_cfg_hdmi:pll_cfg_hdmi|fpll_dprio_init:fpll_dprio_init_inst" File: /tmp/h_Arcade-MCR3_MiSTer/sys/pll_cfg/pll_cfg_hdmi.v Line: 1230
Info (12128): Elaborating entity "shadowmask" for hierarchy "shadowmask:HDMI_shadowmask" File: /tmp/h_Arcade-MCR3_MiSTer/sys/sys_top.v Line: 1170
Info (12128): Elaborating entity "osd" for hierarchy "osd:hdmi_osd" File: /tmp/h_Arcade-MCR3_MiSTer/sys/sys_top.v Line: 1193
Info (12128): Elaborating entity "csync" for hierarchy "csync:csync_hdmi" File: /tmp/h_Arcade-MCR3_MiSTer/sys/sys_top.v Line: 1196
Info (12128): Elaborating entity "altddio_out" for hierarchy "altddio_out:hdmiclk_ddr" File: /tmp/h_Arcade-MCR3_MiSTer/sys/sys_top.v Line: 1289
Info (12130): Elaborated megafunction instantiation "altddio_out:hdmiclk_ddr" File: /tmp/h_Arcade-MCR3_MiSTer/sys/sys_top.v Line: 1289
Info (12133): Instantiated megafunction "altddio_out:hdmiclk_ddr" with the following parameter: File: /tmp/h_Arcade-MCR3_MiSTer/sys/sys_top.v Line: 1289
    Info (12134): Parameter "extend_oe_disable" = "OFF"
    Info (12134): Parameter "intended_device_family" = "Cyclone V"
    Info (12134): Parameter "invert_output" = "OFF"
    Info (12134): Parameter "lpm_hint" = "UNUSED"
    Info (12134): Parameter "lpm_type" = "altddio_out"
    Info (12134): Parameter "oe_reg" = "UNREGISTERED"
    Info (12134): Parameter "power_up_high" = "OFF"
    Info (12134): Parameter "width" = "1"
Info (12021): Found 1 design units, including 1 entities, in source file db/ddio_out_b2j.tdf
    Info (12023): Found entity 1: ddio_out_b2j File: /tmp/h_Arcade-MCR3_MiSTer/db/ddio_out_b2j.tdf Line: 28
Info (12128): Elaborating entity "ddio_out_b2j" for hierarchy "altddio_out:hdmiclk_ddr|ddio_out_b2j:auto_generated" File: /opt/intelFPGA/17.0/quartus/libraries/megafunctions/altddio_out.tdf Line: 101
Info (12128): Elaborating entity "altddio_out" for hierarchy "altddio_out:vgaclk_ddr" File: /tmp/h_Arcade-MCR3_MiSTer/sys/sys_top.v Line: 1370
Info (12130): Elaborated megafunction instantiation "altddio_out:vgaclk_ddr" File: /tmp/h_Arcade-MCR3_MiSTer/sys/sys_top.v Line: 1370
Info (12133): Instantiated megafunction "altddio_out:vgaclk_ddr" with the following parameter: File: /tmp/h_Arcade-MCR3_MiSTer/sys/sys_top.v Line: 1370
    Info (12134): Parameter "extend_oe_disable" = "OFF"
    Info (12134): Parameter "intended_device_family" = "Cyclone V"
    Info (12134): Parameter "invert_output" = "OFF"
    Info (12134): Parameter "lpm_hint" = "UNUSED"
    Info (12134): Parameter "lpm_type" = "altddio_out"
    Info (12134): Parameter "oe_reg" = "UNREGISTERED"
    Info (12134): Parameter "power_up_high" = "OFF"
    Info (12134): Parameter "width" = "1"
Info (12021): Found 1 design units, including 1 entities, in source file db/ddio_out_1oj.tdf
    Info (12023): Found entity 1: ddio_out_1oj File: /tmp/h_Arcade-MCR3_MiSTer/db/ddio_out_1oj.tdf Line: 30
Info (12128): Elaborating entity "ddio_out_1oj" for hierarchy "altddio_out:vgaclk_ddr|ddio_out_1oj:auto_generated" File: /opt/intelFPGA/17.0/quartus/libraries/megafunctions/altddio_out.tdf Line: 101
Info (12128): Elaborating entity "scanlines" for hierarchy "scanlines:VGA_scanlines" File: /tmp/h_Arcade-MCR3_MiSTer/sys/sys_top.v Line: 1391
Info (12128): Elaborating entity "yc_out" for hierarchy "yc_out:yc_out" File: /tmp/h_Arcade-MCR3_MiSTer/sys/sys_top.v Line: 1444
Info (12128): Elaborating entity "vga_out" for hierarchy "vga_out:vga_scaler_out" File: /tmp/h_Arcade-MCR3_MiSTer/sys/sys_top.v Line: 1479
Info (12128): Elaborating entity "pll_audio" for hierarchy "pll_audio:pll_audio" File: /tmp/h_Arcade-MCR3_MiSTer/sys/sys_top.v Line: 1574
Info (12128): Elaborating entity "pll_audio_0002" for hierarchy "pll_audio:pll_audio|pll_audio_0002:pll_audio_inst" File: /tmp/h_Arcade-MCR3_MiSTer/sys/pll_audio.v Line: 19
Info (12128): Elaborating entity "altera_pll" for hierarchy "pll_audio:pll_audio|pll_audio_0002:pll_audio_inst|altera_pll:altera_pll_i" File: /tmp/h_Arcade-MCR3_MiSTer/sys/pll_audio/pll_audio_0002.v Line: 85
Info (10008): Verilog HDL or VHDL information: EDA Netlist Writer cannot regroup multidimensional array "wire_to_nowhere_64" into its bus
Info (12130): Elaborated megafunction instantiation "pll_audio:pll_audio|pll_audio_0002:pll_audio_inst|altera_pll:altera_pll_i" File: /tmp/h_Arcade-MCR3_MiSTer/sys/pll_audio/pll_audio_0002.v Line: 85
Info (12133): Instantiated megafunction "pll_audio:pll_audio|pll_audio_0002:pll_audio_inst|altera_pll:altera_pll_i" with the following parameter: File: /tmp/h_Arcade-MCR3_MiSTer/sys/pll_audio/pll_audio_0002.v Line: 85
    Info (12134): Parameter "fractional_vco_multiplier" = "true"
    Info (12134): Parameter "reference_clock_frequency" = "50.0 MHz"
    Info (12134): Parameter "operation_mode" = "direct"
    Info (12134): Parameter "number_of_clocks" = "1"
    Info (12134): Parameter "output_clock_frequency0" = "24.576000 MHz"
    Info (12134): Parameter "phase_shift0" = "0 ps"
    Info (12134): Parameter "duty_cycle0" = "50"
    Info (12134): Parameter "output_clock_frequency1" = "0 MHz"
    Info (12134): Parameter "phase_shift1" = "0 ps"
    Info (12134): Parameter "duty_cycle1" = "50"
    Info (12134): Parameter "output_clock_frequency2" = "0 MHz"
    Info (12134): Parameter "phase_shift2" = "0 ps"
    Info (12134): Parameter "duty_cycle2" = "50"
    Info (12134): Parameter "output_clock_frequency3" = "0 MHz"
    Info (12134): Parameter "phase_shift3" = "0 ps"
    Info (12134): Parameter "duty_cycle3" = "50"
    Info (12134): Parameter "output_clock_frequency4" = "0 MHz"
    Info (12134): Parameter "phase_shift4" = "0 ps"
    Info (12134): Parameter "duty_cycle4" = "50"
    Info (12134): Parameter "output_clock_frequency5" = "0 MHz"
    Info (12134): Parameter "phase_shift5" = "0 ps"
    Info (12134): Parameter "duty_cycle5" = "50"
    Info (12134): Parameter "output_clock_frequency6" = "0 MHz"
    Info (12134): Parameter "phase_shift6" = "0 ps"
    Info (12134): Parameter "duty_cycle6" = "50"
    Info (12134): Parameter "output_clock_frequency7" = "0 MHz"
    Info (12134): Parameter "phase_shift7" = "0 ps"
    Info (12134): Parameter "duty_cycle7" = "50"
    Info (12134): Parameter "output_clock_frequency8" = "0 MHz"
    Info (12134): Parameter "phase_shift8" = "0 ps"
    Info (12134): Parameter "duty_cycle8" = "50"
    Info (12134): Parameter "output_clock_frequency9" = "0 MHz"
    Info (12134): Parameter "phase_shift9" = "0 ps"
    Info (12134): Parameter "duty_cycle9" = "50"
    Info (12134): Parameter "output_clock_frequency10" = "0 MHz"
    Info (12134): Parameter "phase_shift10" = "0 ps"
    Info (12134): Parameter "duty_cycle10" = "50"
    Info (12134): Parameter "output_clock_frequency11" = "0 MHz"
    Info (12134): Parameter "phase_shift11" = "0 ps"
    Info (12134): Parameter "duty_cycle11" = "50"
    Info (12134): Parameter "output_clock_frequency12" = "0 MHz"
    Info (12134): Parameter "phase_shift12" = "0 ps"
    Info (12134): Parameter "duty_cycle12" = "50"
    Info (12134): Parameter "output_clock_frequency13" = "0 MHz"
    Info (12134): Parameter "phase_shift13" = "0 ps"
    Info (12134): Parameter "duty_cycle13" = "50"
    Info (12134): Parameter "output_clock_frequency14" = "0 MHz"
    Info (12134): Parameter "phase_shift14" = "0 ps"
    Info (12134): Parameter "duty_cycle14" = "50"
    Info (12134): Parameter "output_clock_frequency15" = "0 MHz"
    Info (12134): Parameter "phase_shift15" = "0 ps"
    Info (12134): Parameter "duty_cycle15" = "50"
    Info (12134): Parameter "output_clock_frequency16" = "0 MHz"
    Info (12134): Parameter "phase_shift16" = "0 ps"
    Info (12134): Parameter "duty_cycle16" = "50"
    Info (12134): Parameter "output_clock_frequency17" = "0 MHz"
    Info (12134): Parameter "phase_shift17" = "0 ps"
    Info (12134): Parameter "duty_cycle17" = "50"
    Info (12134): Parameter "pll_type" = "General"
    Info (12134): Parameter "pll_subtype" = "General"
Info (12128): Elaborating entity "audio_out" for hierarchy "audio_out:audio_out" File: /tmp/h_Arcade-MCR3_MiSTer/sys/sys_top.v Line: 1612
Info (12128): Elaborating entity "i2s" for hierarchy "audio_out:audio_out|i2s:i2s" File: /tmp/h_Arcade-MCR3_MiSTer/sys/audio_out.v Line: 88
Info (12128): Elaborating entity "spdif" for hierarchy "audio_out:audio_out|spdif:toslink" File: /tmp/h_Arcade-MCR3_MiSTer/sys/audio_out.v Line: 99
Info (12128): Elaborating entity "sigma_delta_dac" for hierarchy "audio_out:audio_out|sigma_delta_dac:sd_l" File: /tmp/h_Arcade-MCR3_MiSTer/sys/audio_out.v Line: 107
Info (12128): Elaborating entity "IIR_filter" for hierarchy "audio_out:audio_out|IIR_filter:IIR_filter" File: /tmp/h_Arcade-MCR3_MiSTer/sys/audio_out.v Line: 200
Info (12128): Elaborating entity "iir_filter_tap" for hierarchy "audio_out:audio_out|IIR_filter:IIR_filter|iir_filter_tap:iir_tap_0" File: /tmp/h_Arcade-MCR3_MiSTer/sys/iir_filter.v Line: 82
Info (12128): Elaborating entity "DC_blocker" for hierarchy "audio_out:audio_out|DC_blocker:dcb_l" File: /tmp/h_Arcade-MCR3_MiSTer/sys/audio_out.v Line: 211
Info (12128): Elaborating entity "aud_mix_top" for hierarchy "audio_out:audio_out|aud_mix_top:audmix_l" File: /tmp/h_Arcade-MCR3_MiSTer/sys/audio_out.v Line: 238
Info (12128): Elaborating entity "alsa" for hierarchy "alsa:alsa" File: /tmp/h_Arcade-MCR3_MiSTer/sys/sys_top.v Line: 1652
Info (12128): Elaborating entity "sync_fix" for hierarchy "sync_fix:sync_v" File: /tmp/h_Arcade-MCR3_MiSTer/sys/sys_top.v Line: 1707
Info (12128): Elaborating entity "emu" for hierarchy "emu:emu" File: /tmp/h_Arcade-MCR3_MiSTer/sys/sys_top.v Line: 1890
Warning (10036): Verilog HDL or VHDL warning at Arcade-MCR3.sv(655): object "FB_PAL_CLK" assigned a value but never read File: /tmp/h_Arcade-MCR3_MiSTer/Arcade-MCR3.sv Line: 655
Warning (10036): Verilog HDL or VHDL warning at Arcade-MCR3.sv(655): object "FB_PAL_ADDR" assigned a value but never read File: /tmp/h_Arcade-MCR3_MiSTer/Arcade-MCR3.sv Line: 655
Warning (10036): Verilog HDL or VHDL warning at Arcade-MCR3.sv(655): object "FB_PAL_DOUT" assigned a value but never read File: /tmp/h_Arcade-MCR3_MiSTer/Arcade-MCR3.sv Line: 655
Warning (10036): Verilog HDL or VHDL warning at Arcade-MCR3.sv(655): object "FB_PAL_WR" assigned a value but never read File: /tmp/h_Arcade-MCR3_MiSTer/Arcade-MCR3.sv Line: 655
Warning (10036): Verilog HDL or VHDL warning at Arcade-MCR3.sv(206): object "joy_any_en" assigned a value but never read File: /tmp/h_Arcade-MCR3_MiSTer/Arcade-MCR3.sv Line: 206
Warning (10036): Verilog HDL or VHDL warning at Arcade-MCR3.sv(209): object "JOY_FLAG" assigned a value but never read File: /tmp/h_Arcade-MCR3_MiSTer/Arcade-MCR3.sv Line: 209
Warning (10036): Verilog HDL or VHDL warning at Arcade-MCR3.sv(652): object "flip" assigned a value but never read File: /tmp/h_Arcade-MCR3_MiSTer/Arcade-MCR3.sv Line: 652
Warning (10030): Net "video_rotated" at Arcade-MCR3.sv(325) has no driver or initial value, using a default initial value '0' File: /tmp/h_Arcade-MCR3_MiSTer/Arcade-MCR3.sv Line: 325
Warning (10030): Net "ioctl_wait" at Arcade-MCR3.sv(334) has no driver or initial value, using a default initial value '0' File: /tmp/h_Arcade-MCR3_MiSTer/Arcade-MCR3.sv Line: 334
Warning (10034): Output port "BUTTONS" at Arcade-MCR3.sv(104) has no driver File: /tmp/h_Arcade-MCR3_MiSTer/Arcade-MCR3.sv Line: 104
Warning (10034): Output port "AUDIO_MIX" at Arcade-MCR3.sv(110) has no driver File: /tmp/h_Arcade-MCR3_MiSTer/Arcade-MCR3.sv Line: 110
Warning (10034): Output port "HDMI_FREEZE" at Arcade-MCR3.sv(60) has no driver File: /tmp/h_Arcade-MCR3_MiSTer/Arcade-MCR3.sv Line: 60
Info (12128): Elaborating entity "joydb" for hierarchy "emu:emu|joydb:joydb" File: /tmp/h_Arcade-MCR3_MiSTer/Arcade-MCR3.sv Line: 265
Info (12128): Elaborating entity "joy_db9md" for hierarchy "emu:emu|joydb:joydb|joy_db9md:joy_db9md_i" File: /tmp/h_Arcade-MCR3_MiSTer/sys/joydb.sv Line: 158
Warning (10036): Verilog HDL or VHDL warning at joydb9md.v(42): object "joySEL" assigned a value but never read File: /tmp/h_Arcade-MCR3_MiSTer/sys/joydb9md.v Line: 42
Warning (10230): Verilog HDL assignment warning at joydb9md.v(145): truncated value with size 5 to match size of target (4) File: /tmp/h_Arcade-MCR3_MiSTer/sys/joydb9md.v Line: 145
Warning (10230): Verilog HDL assignment warning at joydb9md.v(148): truncated value with size 5 to match size of target (4) File: /tmp/h_Arcade-MCR3_MiSTer/sys/joydb9md.v Line: 148
Info (12128): Elaborating entity "joy_db15" for hierarchy "emu:emu|joydb:joydb|joy_db15:joy_db15_i" File: /tmp/h_Arcade-MCR3_MiSTer/sys/joydb.sv Line: 173
Info (12128): Elaborating entity "joy_db9saturn" for hierarchy "emu:emu|joydb:joydb|joy_db9saturn:joy_db9saturn_i" File: /tmp/h_Arcade-MCR3_MiSTer/sys/joydb.sv Line: 192
Info (12128): Elaborating entity "joydb_remap" for hierarchy "emu:emu|joydb:joydb|joydb_remap:joydb_remap_i" File: /tmp/h_Arcade-MCR3_MiSTer/sys/joydb.sv Line: 432
Info (12128): Elaborating entity "pll" for hierarchy "emu:emu|pll:pll" File: /tmp/h_Arcade-MCR3_MiSTer/Arcade-MCR3.sv Line: 315
Info (12128): Elaborating entity "pll_0002" for hierarchy "emu:emu|pll:pll|pll_0002:pll_inst" File: /tmp/h_Arcade-MCR3_MiSTer/rtl/pll.v Line: 22
Info (12128): Elaborating entity "altera_pll" for hierarchy "emu:emu|pll:pll|pll_0002:pll_inst|altera_pll:altera_pll_i" File: /tmp/h_Arcade-MCR3_MiSTer/rtl/pll/pll_0002.v Line: 88
Info (10008): Verilog HDL or VHDL information: EDA Netlist Writer cannot regroup multidimensional array "wire_to_nowhere_64" into its bus
Info (12130): Elaborated megafunction instantiation "emu:emu|pll:pll|pll_0002:pll_inst|altera_pll:altera_pll_i" File: /tmp/h_Arcade-MCR3_MiSTer/rtl/pll/pll_0002.v Line: 88
Info (12133): Instantiated megafunction "emu:emu|pll:pll|pll_0002:pll_inst|altera_pll:altera_pll_i" with the following parameter: File: /tmp/h_Arcade-MCR3_MiSTer/rtl/pll/pll_0002.v Line: 88
    Info (12134): Parameter "fractional_vco_multiplier" = "false"
    Info (12134): Parameter "reference_clock_frequency" = "50.0 MHz"
    Info (12134): Parameter "operation_mode" = "direct"
    Info (12134): Parameter "number_of_clocks" = "2"
    Info (12134): Parameter "output_clock_frequency0" = "40.000000 MHz"
    Info (12134): Parameter "phase_shift0" = "0 ps"
    Info (12134): Parameter "duty_cycle0" = "50"
    Info (12134): Parameter "output_clock_frequency1" = "80.000000 MHz"
    Info (12134): Parameter "phase_shift1" = "0 ps"
    Info (12134): Parameter "duty_cycle1" = "50"
    Info (12134): Parameter "output_clock_frequency2" = "0 MHz"
    Info (12134): Parameter "phase_shift2" = "0 ps"
    Info (12134): Parameter "duty_cycle2" = "50"
    Info (12134): Parameter "output_clock_frequency3" = "0 MHz"
    Info (12134): Parameter "phase_shift3" = "0 ps"
    Info (12134): Parameter "duty_cycle3" = "50"
    Info (12134): Parameter "output_clock_frequency4" = "0 MHz"
    Info (12134): Parameter "phase_shift4" = "0 ps"
    Info (12134): Parameter "duty_cycle4" = "50"
    Info (12134): Parameter "output_clock_frequency5" = "0 MHz"
    Info (12134): Parameter "phase_shift5" = "0 ps"
    Info (12134): Parameter "duty_cycle5" = "50"
    Info (12134): Parameter "output_clock_frequency6" = "0 MHz"
    Info (12134): Parameter "phase_shift6" = "0 ps"
    Info (12134): Parameter "duty_cycle6" = "50"
    Info (12134): Parameter "output_clock_frequency7" = "0 MHz"
    Info (12134): Parameter "phase_shift7" = "0 ps"
    Info (12134): Parameter "duty_cycle7" = "50"
    Info (12134): Parameter "output_clock_frequency8" = "0 MHz"
    Info (12134): Parameter "phase_shift8" = "0 ps"
    Info (12134): Parameter "duty_cycle8" = "50"
    Info (12134): Parameter "output_clock_frequency9" = "0 MHz"
    Info (12134): Parameter "phase_shift9" = "0 ps"
    Info (12134): Parameter "duty_cycle9" = "50"
    Info (12134): Parameter "output_clock_frequency10" = "0 MHz"
    Info (12134): Parameter "phase_shift10" = "0 ps"
    Info (12134): Parameter "duty_cycle10" = "50"
    Info (12134): Parameter "output_clock_frequency11" = "0 MHz"
    Info (12134): Parameter "phase_shift11" = "0 ps"
    Info (12134): Parameter "duty_cycle11" = "50"
    Info (12134): Parameter "output_clock_frequency12" = "0 MHz"
    Info (12134): Parameter "phase_shift12" = "0 ps"
    Info (12134): Parameter "duty_cycle12" = "50"
    Info (12134): Parameter "output_clock_frequency13" = "0 MHz"
    Info (12134): Parameter "phase_shift13" = "0 ps"
    Info (12134): Parameter "duty_cycle13" = "50"
    Info (12134): Parameter "output_clock_frequency14" = "0 MHz"
    Info (12134): Parameter "phase_shift14" = "0 ps"
    Info (12134): Parameter "duty_cycle14" = "50"
    Info (12134): Parameter "output_clock_frequency15" = "0 MHz"
    Info (12134): Parameter "phase_shift15" = "0 ps"
    Info (12134): Parameter "duty_cycle15" = "50"
    Info (12134): Parameter "output_clock_frequency16" = "0 MHz"
    Info (12134): Parameter "phase_shift16" = "0 ps"
    Info (12134): Parameter "duty_cycle16" = "50"
    Info (12134): Parameter "output_clock_frequency17" = "0 MHz"
    Info (12134): Parameter "phase_shift17" = "0 ps"
    Info (12134): Parameter "duty_cycle17" = "50"
    Info (12134): Parameter "pll_type" = "General"
    Info (12134): Parameter "pll_subtype" = "General"
Info (12128): Elaborating entity "hps_io" for hierarchy "emu:emu|hps_io:hps_io" File: /tmp/h_Arcade-MCR3_MiSTer/Arcade-MCR3.sv Line: 392
Info (10264): Verilog HDL Case Statement information at hps_io.sv(433): all case item expressions in this case statement are onehot File: /tmp/h_Arcade-MCR3_MiSTer/sys/hps_io.sv Line: 433
Info (10264): Verilog HDL Case Statement information at hps_io.sv(462): all case item expressions in this case statement are onehot File: /tmp/h_Arcade-MCR3_MiSTer/sys/hps_io.sv Line: 462
Info (12128): Elaborating entity "video_calc" for hierarchy "emu:emu|hps_io:hps_io|video_calc:video_calc" File: /tmp/h_Arcade-MCR3_MiSTer/sys/hps_io.sv Line: 241
Info (12128): Elaborating entity "db9_key_gate" for hierarchy "emu:emu|hps_io:hps_io|db9_key_gate:u_db9_key_gate" File: /tmp/h_Arcade-MCR3_MiSTer/sys/hps_io.sv Line: 739
Info (12128): Elaborating entity "siphash24" for hierarchy "emu:emu|hps_io:hps_io|db9_key_gate:u_db9_key_gate|siphash24:u_sip" File: /tmp/h_Arcade-MCR3_MiSTer/sys/db9_key_gate.sv Line: 55
Info (12128): Elaborating entity "sdram" for hierarchy "emu:emu|sdram:sdram" File: /tmp/h_Arcade-MCR3_MiSTer/Arcade-MCR3.sv Line: 449
Info (10264): Verilog HDL Case Statement information at sdram.sv(339): all case item expressions in this case statement are onehot File: /tmp/h_Arcade-MCR3_MiSTer/rtl/sdram.sv Line: 339
Info (10264): Verilog HDL Case Statement information at sdram.sv(347): all case item expressions in this case statement are onehot File: /tmp/h_Arcade-MCR3_MiSTer/rtl/sdram.sv Line: 347
Info (12128): Elaborating entity "dpram" for hierarchy "emu:emu|dpram:cpu_rom" File: /tmp/h_Arcade-MCR3_MiSTer/Arcade-MCR3.sv Line: 461
Info (12128): Elaborating entity "spinner" for hierarchy "emu:emu|spinner:spinner_tr" File: /tmp/h_Arcade-MCR3_MiSTer/Arcade-MCR3.sv Line: 620
Info (12128): Elaborating entity "arcade_video" for hierarchy "emu:emu|arcade_video:arcade_video" File: /tmp/h_Arcade-MCR3_MiSTer/Arcade-MCR3.sv Line: 648
Info (12128): Elaborating entity "video_mixer" for hierarchy "emu:emu|arcade_video:arcade_video|video_mixer:video_mixer" File: /tmp/h_Arcade-MCR3_MiSTer/sys/arcade_video.v Line: 143
Info (12128): Elaborating entity "video_freezer" for hierarchy "emu:emu|arcade_video:arcade_video|video_mixer:video_mixer|video_freezer:freezer" File: /tmp/h_Arcade-MCR3_MiSTer/sys/video_mixer.sv Line: 81
Info (12128): Elaborating entity "sync_lock" for hierarchy "emu:emu|arcade_video:arcade_video|video_mixer:video_mixer|video_freezer:freezer|sync_lock:vs_lock" File: /tmp/h_Arcade-MCR3_MiSTer/sys/video_freezer.sv Line: 47
Info (12128): Elaborating entity "sync_lock" for hierarchy "emu:emu|arcade_video:arcade_video|video_mixer:video_mixer|video_freezer:freezer|sync_lock:hs_lock" File: /tmp/h_Arcade-MCR3_MiSTer/sys/video_freezer.sv Line: 59
Info (12128): Elaborating entity "gamma_corr" for hierarchy "emu:emu|arcade_video:arcade_video|video_mixer:video_mixer|gamma_corr:gamma" File: /tmp/h_Arcade-MCR3_MiSTer/sys/video_mixer.sv Line: 131
Info (12128): Elaborating entity "scandoubler" for hierarchy "emu:emu|arcade_video:arcade_video|video_mixer:video_mixer|scandoubler:sd" File: /tmp/h_Arcade-MCR3_MiSTer/sys/video_mixer.sv Line: 166
Info (12128): Elaborating entity "Hq2x" for hierarchy "emu:emu|arcade_video:arcade_video|video_mixer:video_mixer|scandoubler:sd|Hq2x:Hq2x" File: /tmp/h_Arcade-MCR3_MiSTer/sys/scandoubler.v Line: 117
Info (12128): Elaborating entity "DiffCheck" for hierarchy "emu:emu|arcade_video:arcade_video|video_mixer:video_mixer|scandoubler:sd|Hq2x:Hq2x|DiffCheck:diffcheck0" File: /tmp/h_Arcade-MCR3_MiSTer/sys/hq2x.sv Line: 69
Info (12128): Elaborating entity "Blend" for hierarchy "emu:emu|arcade_video:arcade_video|video_mixer:video_mixer|scandoubler:sd|Hq2x:Hq2x|Blend:blender" File: /tmp/h_Arcade-MCR3_MiSTer/sys/hq2x.sv Line: 76
Info (12128): Elaborating entity "hq2x_in" for hierarchy "emu:emu|arcade_video:arcade_video|video_mixer:video_mixer|scandoubler:sd|Hq2x:Hq2x|hq2x_in:hq2x_in" File: /tmp/h_Arcade-MCR3_MiSTer/sys/hq2x.sv Line: 115
Info (12128): Elaborating entity "hq2x_buf" for hierarchy "emu:emu|arcade_video:arcade_video|video_mixer:video_mixer|scandoubler:sd|Hq2x:Hq2x|hq2x_in:hq2x_in|hq2x_buf:buf0" File: /tmp/h_Arcade-MCR3_MiSTer/sys/hq2x.sv Line: 245
Info (12128): Elaborating entity "hq2x_buf" for hierarchy "emu:emu|arcade_video:arcade_video|video_mixer:video_mixer|scandoubler:sd|Hq2x:Hq2x|hq2x_buf:hq2x_out" File: /tmp/h_Arcade-MCR3_MiSTer/sys/hq2x.sv Line: 136
Info (12128): Elaborating entity "ddram" for hierarchy "emu:emu|ddram:ddram" File: /tmp/h_Arcade-MCR3_MiSTer/Arcade-MCR3.sv Line: 656
Info (12128): Elaborating entity "screen_rotate" for hierarchy "emu:emu|ddram:ddram|screen_rotate:screen_rotate" File: /tmp/h_Arcade-MCR3_MiSTer/rtl/ddram.sv Line: 100
Info (12128): Elaborating entity "mcr3" for hierarchy "emu:emu|mcr3:mcr3" File: /tmp/h_Arcade-MCR3_MiSTer/Arcade-MCR3.sv Line: 700
Info (12128): Elaborating entity "T80s" for hierarchy "emu:emu|mcr3:mcr3|T80s:cpu" File: /tmp/h_Arcade-MCR3_MiSTer/rtl/mcr3.vhd Line: 694
Info (12128): Elaborating entity "T80" for hierarchy "emu:emu|mcr3:mcr3|T80s:cpu|T80:u0" File: /tmp/h_Arcade-MCR3_MiSTer/rtl/T80/T80s.vhd Line: 114
Info (12128): Elaborating entity "T80_MCode" for hierarchy "emu:emu|mcr3:mcr3|T80s:cpu|T80:u0|T80_MCode:mcode" File: /tmp/h_Arcade-MCR3_MiSTer/rtl/T80/T80.vhd Line: 265
Info (12128): Elaborating entity "T80_ALU" for hierarchy "emu:emu|mcr3:mcr3|T80s:cpu|T80:u0|T80_ALU:alu" File: /tmp/h_Arcade-MCR3_MiSTer/rtl/T80/T80.vhd Line: 333
Info (12128): Elaborating entity "T80_Reg" for hierarchy "emu:emu|mcr3:mcr3|T80s:cpu|T80:u0|T80_Reg:Regs" File: /tmp/h_Arcade-MCR3_MiSTer/rtl/T80/T80.vhd Line: 932
Info (12128): Elaborating entity "z80ctc_top" for hierarchy "emu:emu|mcr3:mcr3|z80ctc_top:z80ctc" File: /tmp/h_Arcade-MCR3_MiSTer/rtl/mcr3.vhd Line: 718
Info (12128): Elaborating entity "ctc_controler" for hierarchy "emu:emu|mcr3:mcr3|z80ctc_top:z80ctc|ctc_controler:ctc_controler" File: /tmp/h_Arcade-MCR3_MiSTer/rtl/Z80CTC/z80ctc_top.vhd Line: 98
Info (12128): Elaborating entity "ctc_counter" for hierarchy "emu:emu|mcr3:mcr3|z80ctc_top:z80ctc|ctc_counter:ctc_counter_0" File: /tmp/h_Arcade-MCR3_MiSTer/rtl/Z80CTC/z80ctc_top.vhd Line: 118
Info (12128): Elaborating entity "dpram" for hierarchy "emu:emu|mcr3:mcr3|dpram:wram" File: /tmp/h_Arcade-MCR3_MiSTer/rtl/mcr3.vhd Line: 745
Info (12128): Elaborating entity "gen_ram" for hierarchy "emu:emu|mcr3:mcr3|gen_ram:video_ram" File: /tmp/h_Arcade-MCR3_MiSTer/rtl/mcr3.vhd Line: 762
Info (12128): Elaborating entity "gen_ram" for hierarchy "emu:emu|mcr3:mcr3|gen_ram:sprite_ram" File: /tmp/h_Arcade-MCR3_MiSTer/rtl/mcr3.vhd Line: 773
Info (12128): Elaborating entity "gen_ram" for hierarchy "emu:emu|mcr3:mcr3|gen_ram:sprlinebuf1a" File: /tmp/h_Arcade-MCR3_MiSTer/rtl/mcr3.vhd Line: 795
Info (12128): Elaborating entity "dpram" for hierarchy "emu:emu|mcr3:mcr3|dpram:bg_graphics_1" File: /tmp/h_Arcade-MCR3_MiSTer/rtl/mcr3.vhd Line: 839
Info (12128): Elaborating entity "mcr_sound_board" for hierarchy "emu:emu|mcr3:mcr3|mcr_sound_board:sound_board" File: /tmp/h_Arcade-MCR3_MiSTer/rtl/mcr3.vhd Line: 875
Info (12128): Elaborating entity "gen_ram" for hierarchy "emu:emu|mcr3:mcr3|mcr_sound_board:sound_board|gen_ram:wram" File: /tmp/h_Arcade-MCR3_MiSTer/rtl/mcr_sound_board.vhd Line: 424
Info (12128): Elaborating entity "YM2149" for hierarchy "emu:emu|mcr3:mcr3|mcr_sound_board:sound_board|YM2149:ay_3_8910_1" File: /tmp/h_Arcade-MCR3_MiSTer/rtl/mcr_sound_board.vhd Line: 463
Info (12128): Elaborating entity "midssio_82s123" for hierarchy "emu:emu|mcr3:mcr3|mcr_sound_board:sound_board|midssio_82s123:midssio" File: /tmp/h_Arcade-MCR3_MiSTer/rtl/mcr_sound_board.vhd Line: 528
Info (12128): Elaborating entity "dpram" for hierarchy "emu:emu|mcr3:mcr3|dpram:palette" File: /tmp/h_Arcade-MCR3_MiSTer/rtl/mcr3.vhd Line: 901
Info (12128): Elaborating entity "wave_sound" for hierarchy "emu:emu|wave_sound:wave_sound" File: /tmp/h_Arcade-MCR3_MiSTer/Arcade-MCR3.sv Line: 760
Warning (14284): Synthesized away the following node(s):
    Warning (14285): Synthesized away the following LCELL buffer node(s):
        Warning (14320): Synthesized away node "pll_hdmi:pll_hdmi|pll_hdmi_0002:pll_hdmi_inst|altera_pll:altera_pll_i|cntsel_temp[4]" File: /opt/intelFPGA/17.0/quartus/libraries/megafunctions/altera_pll.v Line: 425
        Warning (14320): Synthesized away node "pll_hdmi:pll_hdmi|pll_hdmi_0002:pll_hdmi_inst|altera_pll:altera_pll_i|cntsel_temp[3]" File: /opt/intelFPGA/17.0/quartus/libraries/megafunctions/altera_pll.v Line: 425
        Warning (14320): Synthesized away node "pll_hdmi:pll_hdmi|pll_hdmi_0002:pll_hdmi_inst|altera_pll:altera_pll_i|cntsel_temp[2]" File: /opt/intelFPGA/17.0/quartus/libraries/megafunctions/altera_pll.v Line: 425
        Warning (14320): Synthesized away node "pll_hdmi:pll_hdmi|pll_hdmi_0002:pll_hdmi_inst|altera_pll:altera_pll_i|cntsel_temp[1]" File: /opt/intelFPGA/17.0/quartus/libraries/megafunctions/altera_pll.v Line: 425
        Warning (14320): Synthesized away node "pll_hdmi:pll_hdmi|pll_hdmi_0002:pll_hdmi_inst|altera_pll:altera_pll_i|cntsel_temp[0]" File: /opt/intelFPGA/17.0/quartus/libraries/megafunctions/altera_pll.v Line: 425
        Warning (14320): Synthesized away node "pll_hdmi:pll_hdmi|pll_hdmi_0002:pll_hdmi_inst|altera_pll:altera_pll_i|gnd" File: /opt/intelFPGA/17.0/quartus/libraries/megafunctions/altera_pll.v Line: 427
Info (286030): Timing-Driven Synthesis is running
Info (276014): Found 6 instances of uninferred RAM logic
    Info (276004): RAM logic "emu:emu|mcr3:mcr3|mcr_sound_board:sound_board|midssio_82s123:midssio|rom_data" is uninferred due to inappropriate RAM size File: /tmp/h_Arcade-MCR3_MiSTer/rtl/midssio_82s123.vhd Line: 14
    Info (276004): RAM logic "emu:emu|mcr3:mcr3|mcr_sound_board:sound_board|YM2149:ay_3_8910_2|Ram0" is uninferred due to inappropriate RAM size File: /tmp/h_Arcade-MCR3_MiSTer/rtl/YM2149_linmix_sep.vhd Line: 505
    Info (276004): RAM logic "emu:emu|mcr3:mcr3|mcr_sound_board:sound_board|YM2149:ay_3_8910_1|Ram0" is uninferred due to inappropriate RAM size File: /tmp/h_Arcade-MCR3_MiSTer/rtl/YM2149_linmix_sep.vhd Line: 505
    Info (276007): RAM logic "emu:emu|dpram:cpu_rom|ram" is uninferred due to asynchronous read logic File: /tmp/h_Arcade-MCR3_MiSTer/rtl/dpram.vhd Line: 54
    Info (276004): RAM logic "emu:emu|sdram:sdram|addr_last2" is uninferred due to inappropriate RAM size File: /tmp/h_Arcade-MCR3_MiSTer/rtl/sdram.sv Line: 162
    Info (276004): RAM logic "emu:emu|joydb:joydb|joy_db9saturn:joy_db9saturn_i|joySatSr" is uninferred due to inappropriate RAM size File: /tmp/h_Arcade-MCR3_MiSTer/sys/joydb9saturn.v Line: 102
Warning (13046): Tri-state node(s) do not directly drive top-level pin(s)
    Warning (13049): Converted tri-state buffer "emu:emu|SD_CS" feeding internal logic into a wire File: /tmp/h_Arcade-MCR3_MiSTer/Arcade-MCR3.sv Line: 119
Info (19000): Inferred 30 megafunctions from design logic
    Info (276029): Inferred altsyncram megafunction from the following design logic: "emu:emu|mcr3:mcr3|dpram:palette|ram_rtl_0" 
        Info (286033): Parameter OPERATION_MODE set to DUAL_PORT
        Info (286033): Parameter WIDTH_A set to 9
        Info (286033): Parameter WIDTHAD_A set to 6
        Info (286033): Parameter NUMWORDS_A set to 64
        Info (286033): Parameter WIDTH_B set to 9
        Info (286033): Parameter WIDTHAD_B set to 6
        Info (286033): Parameter NUMWORDS_B set to 64
        Info (286033): Parameter ADDRESS_ACLR_A set to NONE
        Info (286033): Parameter OUTDATA_REG_B set to UNREGISTERED
        Info (286033): Parameter ADDRESS_ACLR_B set to NONE
        Info (286033): Parameter OUTDATA_ACLR_B set to NONE
        Info (286033): Parameter ADDRESS_REG_B set to CLOCK0
        Info (286033): Parameter INDATA_ACLR_A set to NONE
        Info (286033): Parameter WRCONTROL_ACLR_A set to NONE
    Info (276029): Inferred altsyncram megafunction from the following design logic: "emu:emu|mcr3:mcr3|mcr_sound_board:sound_board|gen_ram:wram|ram_rtl_0" 
        Info (286033): Parameter OPERATION_MODE set to SINGLE_PORT
        Info (286033): Parameter WIDTH_A set to 8
        Info (286033): Parameter WIDTHAD_A set to 10
        Info (286033): Parameter NUMWORDS_A set to 1024
        Info (286033): Parameter OUTDATA_REG_A set to UNREGISTERED
        Info (286033): Parameter ADDRESS_ACLR_A set to NONE
        Info (286033): Parameter OUTDATA_ACLR_A set to NONE
        Info (286033): Parameter INDATA_ACLR_A set to NONE
        Info (286033): Parameter WRCONTROL_ACLR_A set to NONE
    Info (276029): Inferred altsyncram megafunction from the following design logic: "emu:emu|mcr3:mcr3|dpram:bg_graphics_2|ram_rtl_0" 
        Info (286033): Parameter OPERATION_MODE set to DUAL_PORT
        Info (286033): Parameter WIDTH_A set to 8
        Info (286033): Parameter WIDTHAD_A set to 14
        Info (286033): Parameter NUMWORDS_A set to 16384
        Info (286033): Parameter WIDTH_B set to 8
        Info (286033): Parameter WIDTHAD_B set to 14
        Info (286033): Parameter NUMWORDS_B set to 16384
        Info (286033): Parameter ADDRESS_ACLR_A set to NONE
        Info (286033): Parameter OUTDATA_REG_B set to UNREGISTERED
        Info (286033): Parameter ADDRESS_ACLR_B set to NONE
        Info (286033): Parameter OUTDATA_ACLR_B set to NONE
        Info (286033): Parameter ADDRESS_REG_B set to CLOCK1
        Info (286033): Parameter INDATA_ACLR_A set to NONE
        Info (286033): Parameter WRCONTROL_ACLR_A set to NONE
    Info (276029): Inferred altsyncram megafunction from the following design logic: "emu:emu|mcr3:mcr3|dpram:bg_graphics_1|ram_rtl_0" 
        Info (286033): Parameter OPERATION_MODE set to DUAL_PORT
        Info (286033): Parameter WIDTH_A set to 8
        Info (286033): Parameter WIDTHAD_A set to 14
        Info (286033): Parameter NUMWORDS_A set to 16384
        Info (286033): Parameter WIDTH_B set to 8
        Info (286033): Parameter WIDTHAD_B set to 14
        Info (286033): Parameter NUMWORDS_B set to 16384
        Info (286033): Parameter ADDRESS_ACLR_A set to NONE
        Info (286033): Parameter OUTDATA_REG_B set to UNREGISTERED
        Info (286033): Parameter ADDRESS_ACLR_B set to NONE
        Info (286033): Parameter OUTDATA_ACLR_B set to NONE
        Info (286033): Parameter ADDRESS_REG_B set to CLOCK1
        Info (286033): Parameter INDATA_ACLR_A set to NONE
        Info (286033): Parameter WRCONTROL_ACLR_A set to NONE
    Info (276029): Inferred altsyncram megafunction from the following design logic: "emu:emu|mcr3:mcr3|gen_ram:sprlinebuf2b|ram_rtl_0" 
        Info (286033): Parameter OPERATION_MODE set to SINGLE_PORT
        Info (286033): Parameter WIDTH_A set to 6
        Info (286033): Parameter WIDTHAD_A set to 8
        Info (286033): Parameter NUMWORDS_A set to 256
        Info (286033): Parameter OUTDATA_REG_A set to UNREGISTERED
        Info (286033): Parameter ADDRESS_ACLR_A set to NONE
        Info (286033): Parameter OUTDATA_ACLR_A set to NONE
        Info (286033): Parameter INDATA_ACLR_A set to NONE
        Info (286033): Parameter WRCONTROL_ACLR_A set to NONE
    Info (276029): Inferred altsyncram megafunction from the following design logic: "emu:emu|mcr3:mcr3|gen_ram:sprlinebuf2a|ram_rtl_0" 
        Info (286033): Parameter OPERATION_MODE set to SINGLE_PORT
        Info (286033): Parameter WIDTH_A set to 6
        Info (286033): Parameter WIDTHAD_A set to 8
        Info (286033): Parameter NUMWORDS_A set to 256
        Info (286033): Parameter OUTDATA_REG_A set to UNREGISTERED
        Info (286033): Parameter ADDRESS_ACLR_A set to NONE
        Info (286033): Parameter OUTDATA_ACLR_A set to NONE
        Info (286033): Parameter INDATA_ACLR_A set to NONE
        Info (286033): Parameter WRCONTROL_ACLR_A set to NONE
    Info (276029): Inferred altsyncram megafunction from the following design logic: "emu:emu|mcr3:mcr3|gen_ram:sprlinebuf1b|ram_rtl_0" 
        Info (286033): Parameter OPERATION_MODE set to SINGLE_PORT
        Info (286033): Parameter WIDTH_A set to 6
        Info (286033): Parameter WIDTHAD_A set to 8
        Info (286033): Parameter NUMWORDS_A set to 256
        Info (286033): Parameter OUTDATA_REG_A set to UNREGISTERED
        Info (286033): Parameter ADDRESS_ACLR_A set to NONE
        Info (286033): Parameter OUTDATA_ACLR_A set to NONE
        Info (286033): Parameter INDATA_ACLR_A set to NONE
        Info (286033): Parameter WRCONTROL_ACLR_A set to NONE
    Info (276029): Inferred altsyncram megafunction from the following design logic: "emu:emu|mcr3:mcr3|gen_ram:sprlinebuf1a|ram_rtl_0" 
        Info (286033): Parameter OPERATION_MODE set to SINGLE_PORT
        Info (286033): Parameter WIDTH_A set to 6
        Info (286033): Parameter WIDTHAD_A set to 8
        Info (286033): Parameter NUMWORDS_A set to 256
        Info (286033): Parameter OUTDATA_REG_A set to UNREGISTERED
        Info (286033): Parameter ADDRESS_ACLR_A set to NONE
        Info (286033): Parameter OUTDATA_ACLR_A set to NONE
        Info (286033): Parameter INDATA_ACLR_A set to NONE
        Info (286033): Parameter WRCONTROL_ACLR_A set to NONE
    Info (276029): Inferred altsyncram megafunction from the following design logic: "emu:emu|mcr3:mcr3|gen_ram:sprites_ram_cache|ram_rtl_0" 
        Info (286033): Parameter OPERATION_MODE set to SINGLE_PORT
        Info (286033): Parameter WIDTH_A set to 8
        Info (286033): Parameter WIDTHAD_A set to 9
        Info (286033): Parameter NUMWORDS_A set to 512
        Info (286033): Parameter OUTDATA_REG_A set to UNREGISTERED
        Info (286033): Parameter ADDRESS_ACLR_A set to NONE
        Info (286033): Parameter OUTDATA_ACLR_A set to NONE
        Info (286033): Parameter INDATA_ACLR_A set to NONE
        Info (286033): Parameter WRCONTROL_ACLR_A set to NONE
    Info (276029): Inferred altsyncram megafunction from the following design logic: "emu:emu|mcr3:mcr3|gen_ram:sprite_ram|ram_rtl_0" 
        Info (286033): Parameter OPERATION_MODE set to SINGLE_PORT
        Info (286033): Parameter WIDTH_A set to 8
        Info (286033): Parameter WIDTHAD_A set to 9
        Info (286033): Parameter NUMWORDS_A set to 512
        Info (286033): Parameter OUTDATA_REG_A set to UNREGISTERED
        Info (286033): Parameter ADDRESS_ACLR_A set to NONE
        Info (286033): Parameter OUTDATA_ACLR_A set to NONE
        Info (286033): Parameter INDATA_ACLR_A set to NONE
        Info (286033): Parameter WRCONTROL_ACLR_A set to NONE
    Info (276029): Inferred altsyncram megafunction from the following design logic: "emu:emu|mcr3:mcr3|gen_ram:video_ram|ram_rtl_0" 
        Info (286033): Parameter OPERATION_MODE set to SINGLE_PORT
        Info (286033): Parameter WIDTH_A set to 8
        Info (286033): Parameter WIDTHAD_A set to 11
        Info (286033): Parameter NUMWORDS_A set to 2048
        Info (286033): Parameter OUTDATA_REG_A set to UNREGISTERED
        Info (286033): Parameter ADDRESS_ACLR_A set to NONE
        Info (286033): Parameter OUTDATA_ACLR_A set to NONE
        Info (286033): Parameter INDATA_ACLR_A set to NONE
        Info (286033): Parameter WRCONTROL_ACLR_A set to NONE
    Info (276029): Inferred altsyncram megafunction from the following design logic: "emu:emu|mcr3:mcr3|dpram:wram|ram_rtl_0" 
        Info (286033): Parameter OPERATION_MODE set to BIDIR_DUAL_PORT
        Info (286033): Parameter WIDTH_A set to 8
        Info (286033): Parameter WIDTH_B set to 8
        Info (286033): Parameter WIDTHAD_A set to 11
        Info (286033): Parameter WIDTHAD_B set to 11
        Info (286033): Parameter NUMWORDS_A set to 2048
        Info (286033): Parameter NUMWORDS_B set to 2048
        Info (286033): Parameter OUTDATA_REG_A set to UNREGISTERED
        Info (286033): Parameter OUTDATA_REG_B set to UNREGISTERED
        Info (286033): Parameter ADDRESS_REG_B set to CLOCK1
        Info (286033): Parameter INDATA_REG_B set to CLOCK1
        Info (286033): Parameter WRCONTROL_WRADDRESS_REG_B set to CLOCK1
        Info (286033): Parameter INDATA_ACLR_A set to NONE
        Info (286033): Parameter WRCONTROL_ACLR_A set to NONE
        Info (286033): Parameter ADDRESS_ACLR_A set to NONE
        Info (286033): Parameter ADDRESS_ACLR_B set to NONE
        Info (286033): Parameter OUTDATA_ACLR_B set to NONE
    Info (276029): Inferred altsyncram megafunction from the following design logic: "emu:emu|arcade_video:arcade_video|video_mixer:video_mixer|scandoubler:sd|Hq2x:Hq2x|hq2x_buf:hq2x_out|ram_rtl_0" 
        Info (286033): Parameter OPERATION_MODE set to DUAL_PORT
        Info (286033): Parameter WIDTH_A set to 96
        Info (286033): Parameter WIDTHAD_A set to 11
        Info (286033): Parameter NUMWORDS_A set to 1032
        Info (286033): Parameter WIDTH_B set to 96
        Info (286033): Parameter WIDTHAD_B set to 11
        Info (286033): Parameter NUMWORDS_B set to 1032
        Info (286033): Parameter ADDRESS_ACLR_A set to NONE
        Info (286033): Parameter OUTDATA_REG_B set to UNREGISTERED
        Info (286033): Parameter ADDRESS_ACLR_B set to NONE
        Info (286033): Parameter OUTDATA_ACLR_B set to NONE
        Info (286033): Parameter ADDRESS_REG_B set to CLOCK0
        Info (286033): Parameter INDATA_ACLR_A set to NONE
        Info (286033): Parameter WRCONTROL_ACLR_A set to NONE
        Info (286033): Parameter READ_DURING_WRITE_MODE_MIXED_PORTS set to OLD_DATA
    Info (276029): Inferred altsyncram megafunction from the following design logic: "emu:emu|arcade_video:arcade_video|video_mixer:video_mixer|scandoubler:sd|Hq2x:Hq2x|hq2x_in:hq2x_in|hq2x_buf:buf1|ram_rtl_0" 
        Info (286033): Parameter OPERATION_MODE set to DUAL_PORT
        Info (286033): Parameter WIDTH_A set to 24
        Info (286033): Parameter WIDTHAD_A set to 10
        Info (286033): Parameter NUMWORDS_A set to 516
        Info (286033): Parameter WIDTH_B set to 24
        Info (286033): Parameter WIDTHAD_B set to 10
        Info (286033): Parameter NUMWORDS_B set to 516
        Info (286033): Parameter ADDRESS_ACLR_A set to NONE
        Info (286033): Parameter OUTDATA_REG_B set to UNREGISTERED
        Info (286033): Parameter ADDRESS_ACLR_B set to NONE
        Info (286033): Parameter OUTDATA_ACLR_B set to NONE
        Info (286033): Parameter ADDRESS_REG_B set to CLOCK0
        Info (286033): Parameter INDATA_ACLR_A set to NONE
        Info (286033): Parameter WRCONTROL_ACLR_A set to NONE
        Info (286033): Parameter READ_DURING_WRITE_MODE_MIXED_PORTS set to OLD_DATA
    Info (276029): Inferred altsyncram megafunction from the following design logic: "emu:emu|arcade_video:arcade_video|video_mixer:video_mixer|scandoubler:sd|Hq2x:Hq2x|hq2x_in:hq2x_in|hq2x_buf:buf0|ram_rtl_0" 
        Info (286033): Parameter OPERATION_MODE set to DUAL_PORT
        Info (286033): Parameter WIDTH_A set to 24
        Info (286033): Parameter WIDTHAD_A set to 10
        Info (286033): Parameter NUMWORDS_A set to 516
        Info (286033): Parameter WIDTH_B set to 24
        Info (286033): Parameter WIDTHAD_B set to 10
        Info (286033): Parameter NUMWORDS_B set to 516
        Info (286033): Parameter ADDRESS_ACLR_A set to NONE
        Info (286033): Parameter OUTDATA_REG_B set to UNREGISTERED
        Info (286033): Parameter ADDRESS_ACLR_B set to NONE
        Info (286033): Parameter OUTDATA_ACLR_B set to NONE
        Info (286033): Parameter ADDRESS_REG_B set to CLOCK0
        Info (286033): Parameter INDATA_ACLR_A set to NONE
        Info (286033): Parameter WRCONTROL_ACLR_A set to NONE
        Info (286033): Parameter READ_DURING_WRITE_MODE_MIXED_PORTS set to OLD_DATA
    Info (276029): Inferred altsyncram megafunction from the following design logic: "emu:emu|arcade_video:arcade_video|video_mixer:video_mixer|gamma_corr:gamma|gamma_curve_rtl_0" 
        Info (286033): Parameter OPERATION_MODE set to DUAL_PORT
        Info (286033): Parameter WIDTH_A set to 8
        Info (286033): Parameter WIDTHAD_A set to 10
        Info (286033): Parameter NUMWORDS_A set to 768
        Info (286033): Parameter WIDTH_B set to 8
        Info (286033): Parameter WIDTHAD_B set to 10
        Info (286033): Parameter NUMWORDS_B set to 768
        Info (286033): Parameter ADDRESS_ACLR_A set to NONE
        Info (286033): Parameter OUTDATA_REG_B set to UNREGISTERED
        Info (286033): Parameter ADDRESS_ACLR_B set to NONE
        Info (286033): Parameter OUTDATA_ACLR_B set to NONE
        Info (286033): Parameter ADDRESS_REG_B set to CLOCK1
        Info (286033): Parameter INDATA_ACLR_A set to NONE
        Info (286033): Parameter WRCONTROL_ACLR_A set to NONE
    Info (276029): Inferred altsyncram megafunction from the following design logic: "emu:emu|dpram:cpu_rom|ram_rtl_0" 
        Info (286033): Parameter OPERATION_MODE set to DUAL_PORT
        Info (286033): Parameter WIDTH_A set to 8
        Info (286033): Parameter WIDTHAD_A set to 16
        Info (286033): Parameter NUMWORDS_A set to 65536
        Info (286033): Parameter WIDTH_B set to 8
        Info (286033): Parameter WIDTHAD_B set to 16
        Info (286033): Parameter NUMWORDS_B set to 65536
        Info (286033): Parameter ADDRESS_ACLR_A set to NONE
        Info (286033): Parameter OUTDATA_REG_B set to UNREGISTERED
        Info (286033): Parameter ADDRESS_ACLR_B set to NONE
        Info (286033): Parameter OUTDATA_ACLR_B set to NONE
        Info (286033): Parameter ADDRESS_REG_B set to CLOCK0
        Info (286033): Parameter INDATA_ACLR_A set to NONE
        Info (286033): Parameter WRCONTROL_ACLR_A set to NONE
    Info (276029): Inferred altsyncram megafunction from the following design logic: "osd:vga_osd|osd_buffer_rtl_0" 
        Info (286033): Parameter OPERATION_MODE set to DUAL_PORT
        Info (286033): Parameter WIDTH_A set to 8
        Info (286033): Parameter WIDTHAD_A set to 12
        Info (286033): Parameter NUMWORDS_A set to 4096
        Info (286033): Parameter WIDTH_B set to 8
        Info (286033): Parameter WIDTHAD_B set to 12
        Info (286033): Parameter NUMWORDS_B set to 4096
        Info (286033): Parameter ADDRESS_ACLR_A set to NONE
        Info (286033): Parameter OUTDATA_REG_B set to UNREGISTERED
        Info (286033): Parameter ADDRESS_ACLR_B set to NONE
        Info (286033): Parameter OUTDATA_ACLR_B set to NONE
        Info (286033): Parameter ADDRESS_REG_B set to CLOCK1
        Info (286033): Parameter INDATA_ACLR_A set to NONE
        Info (286033): Parameter WRCONTROL_ACLR_A set to NONE
    Info (276029): Inferred altsyncram megafunction from the following design logic: "osd:hdmi_osd|osd_buffer_rtl_0" 
        Info (286033): Parameter OPERATION_MODE set to DUAL_PORT
        Info (286033): Parameter WIDTH_A set to 8
        Info (286033): Parameter WIDTHAD_A set to 12
        Info (286033): Parameter NUMWORDS_A set to 4096
        Info (286033): Parameter WIDTH_B set to 8
        Info (286033): Parameter WIDTHAD_B set to 12
        Info (286033): Parameter NUMWORDS_B set to 4096
        Info (286033): Parameter ADDRESS_ACLR_A set to NONE
        Info (286033): Parameter OUTDATA_REG_B set to UNREGISTERED
        Info (286033): Parameter ADDRESS_ACLR_B set to NONE
        Info (286033): Parameter OUTDATA_ACLR_B set to NONE
        Info (286033): Parameter ADDRESS_REG_B set to CLOCK1
        Info (286033): Parameter INDATA_ACLR_A set to NONE
        Info (286033): Parameter WRCONTROL_ACLR_A set to NONE
    Info (276029): Inferred altsyncram megafunction from the following design logic: "shadowmask:HDMI_shadowmask|mask_lut_rtl_0" 
        Info (286033): Parameter OPERATION_MODE set to DUAL_PORT
        Info (286033): Parameter WIDTH_A set to 11
        Info (286033): Parameter WIDTHAD_A set to 8
        Info (286033): Parameter NUMWORDS_A set to 256
        Info (286033): Parameter WIDTH_B set to 11
        Info (286033): Parameter WIDTHAD_B set to 8
        Info (286033): Parameter NUMWORDS_B set to 256
        Info (286033): Parameter ADDRESS_ACLR_A set to NONE
        Info (286033): Parameter OUTDATA_REG_B set to UNREGISTERED
        Info (286033): Parameter ADDRESS_ACLR_B set to NONE
        Info (286033): Parameter OUTDATA_ACLR_B set to NONE
        Info (286033): Parameter ADDRESS_REG_B set to CLOCK1
        Info (286033): Parameter INDATA_ACLR_A set to NONE
        Info (286033): Parameter WRCONTROL_ACLR_A set to NONE
    Info (276029): Inferred altsyncram megafunction from the following design logic: "ascal:ascal|i_dpram_rtl_0" 
        Info (286033): Parameter OPERATION_MODE set to DUAL_PORT
        Info (286033): Parameter WIDTH_A set to 128
        Info (286033): Parameter WIDTHAD_A set to 5
        Info (286033): Parameter NUMWORDS_A set to 32
        Info (286033): Parameter WIDTH_B set to 128
        Info (286033): Parameter WIDTHAD_B set to 5
        Info (286033): Parameter NUMWORDS_B set to 32
        Info (286033): Parameter ADDRESS_ACLR_A set to NONE
        Info (286033): Parameter OUTDATA_REG_B set to UNREGISTERED
        Info (286033): Parameter ADDRESS_ACLR_B set to NONE
        Info (286033): Parameter OUTDATA_ACLR_B set to NONE
        Info (286033): Parameter ADDRESS_REG_B set to CLOCK1
        Info (286033): Parameter INDATA_ACLR_A set to NONE
        Info (286033): Parameter WRCONTROL_ACLR_A set to NONE
    Info (276029): Inferred altsyncram megafunction from the following design logic: "ascal:ascal|pal1_mem_rtl_0" 
        Info (286033): Parameter OPERATION_MODE set to DUAL_PORT
        Info (286033): Parameter WIDTH_A set to 48
        Info (286033): Parameter WIDTHAD_A set to 7
        Info (286033): Parameter NUMWORDS_A set to 128
        Info (286033): Parameter WIDTH_B set to 48
        Info (286033): Parameter WIDTHAD_B set to 7
        Info (286033): Parameter NUMWORDS_B set to 128
        Info (286033): Parameter ADDRESS_ACLR_A set to NONE
        Info (286033): Parameter OUTDATA_REG_B set to UNREGISTERED
        Info (286033): Parameter ADDRESS_ACLR_B set to NONE
        Info (286033): Parameter OUTDATA_ACLR_B set to NONE
        Info (286033): Parameter ADDRESS_REG_B set to CLOCK1
        Info (286033): Parameter INDATA_ACLR_A set to NONE
        Info (286033): Parameter WRCONTROL_ACLR_A set to NONE
    Info (276029): Inferred altsyncram megafunction from the following design logic: "ascal:ascal|o_dpram_rtl_0" 
        Info (286033): Parameter OPERATION_MODE set to DUAL_PORT
        Info (286033): Parameter WIDTH_A set to 128
        Info (286033): Parameter WIDTHAD_A set to 5
        Info (286033): Parameter NUMWORDS_A set to 32
        Info (286033): Parameter WIDTH_B set to 128
        Info (286033): Parameter WIDTHAD_B set to 5
        Info (286033): Parameter NUMWORDS_B set to 32
        Info (286033): Parameter ADDRESS_ACLR_A set to NONE
        Info (286033): Parameter OUTDATA_REG_B set to CLOCK1
        Info (286033): Parameter ADDRESS_ACLR_B set to NONE
        Info (286033): Parameter OUTDATA_ACLR_B set to NONE
        Info (286033): Parameter ADDRESS_REG_B set to CLOCK1
        Info (286033): Parameter INDATA_ACLR_A set to NONE
        Info (286033): Parameter WRCONTROL_ACLR_A set to NONE
    Info (276029): Inferred altsyncram megafunction from the following design logic: "ascal:ascal|o_h_poly_mem_rtl_0" 
        Info (286033): Parameter OPERATION_MODE set to DUAL_PORT
        Info (286033): Parameter WIDTH_A set to 40
        Info (286033): Parameter WIDTHAD_A set to 8
        Info (286033): Parameter NUMWORDS_A set to 256
        Info (286033): Parameter WIDTH_B set to 40
        Info (286033): Parameter WIDTHAD_B set to 8
        Info (286033): Parameter NUMWORDS_B set to 256
        Info (286033): Parameter ADDRESS_ACLR_A set to NONE
        Info (286033): Parameter OUTDATA_REG_B set to UNREGISTERED
        Info (286033): Parameter ADDRESS_ACLR_B set to NONE
        Info (286033): Parameter OUTDATA_ACLR_B set to NONE
        Info (286033): Parameter ADDRESS_REG_B set to CLOCK1
        Info (286033): Parameter INDATA_ACLR_A set to NONE
        Info (286033): Parameter WRCONTROL_ACLR_A set to NONE
    Info (276029): Inferred altsyncram megafunction from the following design logic: "ascal:ascal|o_v_poly_mem_rtl_0" 
        Info (286033): Parameter OPERATION_MODE set to DUAL_PORT
        Info (286033): Parameter WIDTH_A set to 40
        Info (286033): Parameter WIDTHAD_A set to 8
        Info (286033): Parameter NUMWORDS_A set to 256
        Info (286033): Parameter WIDTH_B set to 40
        Info (286033): Parameter WIDTHAD_B set to 8
        Info (286033): Parameter NUMWORDS_B set to 256
        Info (286033): Parameter ADDRESS_ACLR_A set to NONE
        Info (286033): Parameter OUTDATA_REG_B set to UNREGISTERED
        Info (286033): Parameter ADDRESS_ACLR_B set to NONE
        Info (286033): Parameter OUTDATA_ACLR_B set to NONE
        Info (286033): Parameter ADDRESS_REG_B set to CLOCK1
        Info (286033): Parameter INDATA_ACLR_A set to NONE
        Info (286033): Parameter WRCONTROL_ACLR_A set to NONE
    Info (276029): Inferred altsyncram megafunction from the following design logic: "ascal:ascal|o_a_poly_mem_rtl_0" 
        Info (286033): Parameter OPERATION_MODE set to DUAL_PORT
        Info (286033): Parameter WIDTH_A set to 40
        Info (286033): Parameter WIDTHAD_A set to 8
        Info (286033): Parameter NUMWORDS_A set to 256
        Info (286033): Parameter WIDTH_B set to 40
        Info (286033): Parameter WIDTHAD_B set to 8
        Info (286033): Parameter NUMWORDS_B set to 256
        Info (286033): Parameter ADDRESS_ACLR_A set to NONE
        Info (286033): Parameter OUTDATA_REG_B set to UNREGISTERED
        Info (286033): Parameter ADDRESS_ACLR_B set to NONE
        Info (286033): Parameter OUTDATA_ACLR_B set to NONE
        Info (286033): Parameter ADDRESS_REG_B set to CLOCK1
        Info (286033): Parameter INDATA_ACLR_A set to NONE
        Info (286033): Parameter WRCONTROL_ACLR_A set to NONE
    Info (276034): Inferred altshift_taps megafunction from the following design logic: "yc_out:yc_out|phase[2].y_rtl_0"
        Info (286033): Parameter NUMBER_OF_TAPS set to 1
        Info (286033): Parameter TAP_DISTANCE set to 3
        Info (286033): Parameter WIDTH set to 12
        Info (286033): Parameter POWER_UP_STATE set to DONT_CARE
    Info (276034): Inferred altshift_taps megafunction from the following design logic: "shadowmask:HDMI_shadowmask|vid_rtl_0"
        Info (286033): Parameter NUMBER_OF_TAPS set to 1
        Info (286033): Parameter TAP_DISTANCE set to 4
        Info (286033): Parameter WIDTH set to 81
        Info (286033): Parameter POWER_UP_STATE set to DONT_CARE
    Info (276034): Inferred altshift_taps megafunction from the following design logic: "ascal:ascal|o_vpix_inner[2].r_rtl_0"
        Info (286033): Parameter NUMBER_OF_TAPS set to 1
        Info (286033): Parameter TAP_DISTANCE set to 4
        Info (286033): Parameter WIDTH set to 24
        Info (286033): Parameter POWER_UP_STATE set to DONT_CARE
    Info (276034): Inferred altshift_taps megafunction from the following design logic: "vga_out:vga_scaler_out|din1_rtl_0"
        Info (286033): Parameter NUMBER_OF_TAPS set to 1
        Info (286033): Parameter TAP_DISTANCE set to 3
        Info (286033): Parameter WIDTH set to 31
        Info (286033): Parameter POWER_UP_STATE set to DONT_CARE
Info (12130): Elaborated megafunction instantiation "emu:emu|mcr3:mcr3|mcr_sound_board:sound_board|gen_ram:wram|altsyncram:ram_rtl_0"
Info (12133): Instantiated megafunction "emu:emu|mcr3:mcr3|mcr_sound_board:sound_board|gen_ram:wram|altsyncram:ram_rtl_0" with the following parameter:
    Info (12134): Parameter "OPERATION_MODE" = "SINGLE_PORT"
    Info (12134): Parameter "WIDTH_A" = "8"
    Info (12134): Parameter "WIDTHAD_A" = "10"
    Info (12134): Parameter "NUMWORDS_A" = "1024"
    Info (12134): Parameter "OUTDATA_REG_A" = "UNREGISTERED"
    Info (12134): Parameter "ADDRESS_ACLR_A" = "NONE"
    Info (12134): Parameter "OUTDATA_ACLR_A" = "NONE"
    Info (12134): Parameter "INDATA_ACLR_A" = "NONE"
    Info (12134): Parameter "WRCONTROL_ACLR_A" = "NONE"
Info (12021): Found 1 design units, including 1 entities, in source file db/altsyncram_2na1.tdf
    Info (12023): Found entity 1: altsyncram_2na1 File: /tmp/h_Arcade-MCR3_MiSTer/db/altsyncram_2na1.tdf Line: 28
Info (12130): Elaborated megafunction instantiation "ascal:ascal|altsyncram:pal1_mem_rtl_0"
Info (12133): Instantiated megafunction "ascal:ascal|altsyncram:pal1_mem_rtl_0" with the following parameter:
    Info (12134): Parameter "OPERATION_MODE" = "DUAL_PORT"
    Info (12134): Parameter "WIDTH_A" = "48"
    Info (12134): Parameter "WIDTHAD_A" = "7"
    Info (12134): Parameter "NUMWORDS_A" = "128"
    Info (12134): Parameter "WIDTH_B" = "48"
    Info (12134): Parameter "WIDTHAD_B" = "7"
    Info (12134): Parameter "NUMWORDS_B" = "128"
    Info (12134): Parameter "ADDRESS_ACLR_A" = "NONE"
    Info (12134): Parameter "OUTDATA_REG_B" = "UNREGISTERED"
    Info (12134): Parameter "ADDRESS_ACLR_B" = "NONE"
    Info (12134): Parameter "OUTDATA_ACLR_B" = "NONE"
    Info (12134): Parameter "ADDRESS_REG_B" = "CLOCK1"
    Info (12134): Parameter "INDATA_ACLR_A" = "NONE"
    Info (12134): Parameter "WRCONTROL_ACLR_A" = "NONE"
Info (12021): Found 1 design units, including 1 entities, in source file db/altsyncram_2aj1.tdf
    Info (12023): Found entity 1: altsyncram_2aj1 File: /tmp/h_Arcade-MCR3_MiSTer/db/altsyncram_2aj1.tdf Line: 28
Info (12130): Elaborated megafunction instantiation "emu:emu|mcr3:mcr3|gen_ram:sprites_ram_cache|altsyncram:ram_rtl_0"
Info (12133): Instantiated megafunction "emu:emu|mcr3:mcr3|gen_ram:sprites_ram_cache|altsyncram:ram_rtl_0" with the following parameter:
    Info (12134): Parameter "OPERATION_MODE" = "SINGLE_PORT"
    Info (12134): Parameter "WIDTH_A" = "8"
    Info (12134): Parameter "WIDTHAD_A" = "9"
    Info (12134): Parameter "NUMWORDS_A" = "512"
    Info (12134): Parameter "OUTDATA_REG_A" = "UNREGISTERED"
    Info (12134): Parameter "ADDRESS_ACLR_A" = "NONE"
    Info (12134): Parameter "OUTDATA_ACLR_A" = "NONE"
    Info (12134): Parameter "INDATA_ACLR_A" = "NONE"
    Info (12134): Parameter "WRCONTROL_ACLR_A" = "NONE"
Info (12021): Found 1 design units, including 1 entities, in source file db/altsyncram_bka1.tdf
    Info (12023): Found entity 1: altsyncram_bka1 File: /tmp/h_Arcade-MCR3_MiSTer/db/altsyncram_bka1.tdf Line: 28
Info (12130): Elaborated megafunction instantiation "emu:emu|mcr3:mcr3|gen_ram:video_ram|altsyncram:ram_rtl_0"
Info (12133): Instantiated megafunction "emu:emu|mcr3:mcr3|gen_ram:video_ram|altsyncram:ram_rtl_0" with the following parameter:
    Info (12134): Parameter "OPERATION_MODE" = "SINGLE_PORT"
    Info (12134): Parameter "WIDTH_A" = "8"
    Info (12134): Parameter "WIDTHAD_A" = "11"
    Info (12134): Parameter "NUMWORDS_A" = "2048"
    Info (12134): Parameter "OUTDATA_REG_A" = "UNREGISTERED"
    Info (12134): Parameter "ADDRESS_ACLR_A" = "NONE"
    Info (12134): Parameter "OUTDATA_ACLR_A" = "NONE"
    Info (12134): Parameter "INDATA_ACLR_A" = "NONE"
    Info (12134): Parameter "WRCONTROL_ACLR_A" = "NONE"
Info (12021): Found 1 design units, including 1 entities, in source file db/altsyncram_ana1.tdf
    Info (12023): Found entity 1: altsyncram_ana1 File: /tmp/h_Arcade-MCR3_MiSTer/db/altsyncram_ana1.tdf Line: 28
Info (12130): Elaborated megafunction instantiation "osd:vga_osd|altsyncram:osd_buffer_rtl_0"
Info (12133): Instantiated megafunction "osd:vga_osd|altsyncram:osd_buffer_rtl_0" with the following parameter:
    Info (12134): Parameter "OPERATION_MODE" = "DUAL_PORT"
    Info (12134): Parameter "WIDTH_A" = "8"
    Info (12134): Parameter "WIDTHAD_A" = "12"
    Info (12134): Parameter "NUMWORDS_A" = "4096"
    Info (12134): Parameter "WIDTH_B" = "8"
    Info (12134): Parameter "WIDTHAD_B" = "12"
    Info (12134): Parameter "NUMWORDS_B" = "4096"
    Info (12134): Parameter "ADDRESS_ACLR_A" = "NONE"
    Info (12134): Parameter "OUTDATA_REG_B" = "UNREGISTERED"
    Info (12134): Parameter "ADDRESS_ACLR_B" = "NONE"
    Info (12134): Parameter "OUTDATA_ACLR_B" = "NONE"
    Info (12134): Parameter "ADDRESS_REG_B" = "CLOCK1"
    Info (12134): Parameter "INDATA_ACLR_A" = "NONE"
    Info (12134): Parameter "WRCONTROL_ACLR_A" = "NONE"
Info (12021): Found 1 design units, including 1 entities, in source file db/altsyncram_i6k1.tdf
    Info (12023): Found entity 1: altsyncram_i6k1 File: /tmp/h_Arcade-MCR3_MiSTer/db/altsyncram_i6k1.tdf Line: 28
Info (12130): Elaborated megafunction instantiation "emu:emu|mcr3:mcr3|dpram:palette|altsyncram:ram_rtl_0"
Info (12133): Instantiated megafunction "emu:emu|mcr3:mcr3|dpram:palette|altsyncram:ram_rtl_0" with the following parameter:
    Info (12134): Parameter "OPERATION_MODE" = "DUAL_PORT"
    Info (12134): Parameter "WIDTH_A" = "9"
    Info (12134): Parameter "WIDTHAD_A" = "6"
    Info (12134): Parameter "NUMWORDS_A" = "64"
    Info (12134): Parameter "WIDTH_B" = "9"
    Info (12134): Parameter "WIDTHAD_B" = "6"
    Info (12134): Parameter "NUMWORDS_B" = "64"
    Info (12134): Parameter "ADDRESS_ACLR_A" = "NONE"
    Info (12134): Parameter "OUTDATA_REG_B" = "UNREGISTERED"
    Info (12134): Parameter "ADDRESS_ACLR_B" = "NONE"
    Info (12134): Parameter "OUTDATA_ACLR_B" = "NONE"
    Info (12134): Parameter "ADDRESS_REG_B" = "CLOCK0"
    Info (12134): Parameter "INDATA_ACLR_A" = "NONE"
    Info (12134): Parameter "WRCONTROL_ACLR_A" = "NONE"
Info (12021): Found 1 design units, including 1 entities, in source file db/altsyncram_qgi1.tdf
    Info (12023): Found entity 1: altsyncram_qgi1 File: /tmp/h_Arcade-MCR3_MiSTer/db/altsyncram_qgi1.tdf Line: 28
Info (12130): Elaborated megafunction instantiation "ascal:ascal|altsyncram:o_h_poly_mem_rtl_0"
Info (12133): Instantiated megafunction "ascal:ascal|altsyncram:o_h_poly_mem_rtl_0" with the following parameter:
    Info (12134): Parameter "OPERATION_MODE" = "DUAL_PORT"
    Info (12134): Parameter "WIDTH_A" = "40"
    Info (12134): Parameter "WIDTHAD_A" = "8"
    Info (12134): Parameter "NUMWORDS_A" = "256"
    Info (12134): Parameter "WIDTH_B" = "40"
    Info (12134): Parameter "WIDTHAD_B" = "8"
    Info (12134): Parameter "NUMWORDS_B" = "256"
    Info (12134): Parameter "ADDRESS_ACLR_A" = "NONE"
    Info (12134): Parameter "OUTDATA_REG_B" = "UNREGISTERED"
    Info (12134): Parameter "ADDRESS_ACLR_B" = "NONE"
    Info (12134): Parameter "OUTDATA_ACLR_B" = "NONE"
    Info (12134): Parameter "ADDRESS_REG_B" = "CLOCK1"
    Info (12134): Parameter "INDATA_ACLR_A" = "NONE"
    Info (12134): Parameter "WRCONTROL_ACLR_A" = "NONE"
Info (12021): Found 1 design units, including 1 entities, in source file db/altsyncram_o9j1.tdf
    Info (12023): Found entity 1: altsyncram_o9j1 File: /tmp/h_Arcade-MCR3_MiSTer/db/altsyncram_o9j1.tdf Line: 28
Info (12130): Elaborated megafunction instantiation "yc_out:yc_out|altshift_taps:phase[2].y_rtl_0"
Info (12133): Instantiated megafunction "yc_out:yc_out|altshift_taps:phase[2].y_rtl_0" with the following parameter:
    Info (12134): Parameter "NUMBER_OF_TAPS" = "1"
    Info (12134): Parameter "TAP_DISTANCE" = "3"
    Info (12134): Parameter "WIDTH" = "12"
    Info (12134): Parameter "POWER_UP_STATE" = "DONT_CARE"
Info (12021): Found 1 design units, including 1 entities, in source file db/shift_taps_puu.tdf
    Info (12023): Found entity 1: shift_taps_puu File: /tmp/h_Arcade-MCR3_MiSTer/db/shift_taps_puu.tdf Line: 27
Info (12021): Found 1 design units, including 1 entities, in source file db/altsyncram_br91.tdf
    Info (12023): Found entity 1: altsyncram_br91 File: /tmp/h_Arcade-MCR3_MiSTer/db/altsyncram_br91.tdf Line: 28
Info (12021): Found 1 design units, including 1 entities, in source file db/cntr_ohf.tdf
    Info (12023): Found entity 1: cntr_ohf File: /tmp/h_Arcade-MCR3_MiSTer/db/cntr_ohf.tdf Line: 28
Info (12021): Found 1 design units, including 1 entities, in source file db/cmpr_a9c.tdf
    Info (12023): Found entity 1: cmpr_a9c File: /tmp/h_Arcade-MCR3_MiSTer/db/cmpr_a9c.tdf Line: 23
Info (12130): Elaborated megafunction instantiation "shadowmask:HDMI_shadowmask|altsyncram:mask_lut_rtl_0"
Info (12133): Instantiated megafunction "shadowmask:HDMI_shadowmask|altsyncram:mask_lut_rtl_0" with the following parameter:
    Info (12134): Parameter "OPERATION_MODE" = "DUAL_PORT"
    Info (12134): Parameter "WIDTH_A" = "11"
    Info (12134): Parameter "WIDTHAD_A" = "8"
    Info (12134): Parameter "NUMWORDS_A" = "256"
    Info (12134): Parameter "WIDTH_B" = "11"
    Info (12134): Parameter "WIDTHAD_B" = "8"
    Info (12134): Parameter "NUMWORDS_B" = "256"
    Info (12134): Parameter "ADDRESS_ACLR_A" = "NONE"
    Info (12134): Parameter "OUTDATA_REG_B" = "UNREGISTERED"
    Info (12134): Parameter "ADDRESS_ACLR_B" = "NONE"
    Info (12134): Parameter "OUTDATA_ACLR_B" = "NONE"
    Info (12134): Parameter "ADDRESS_REG_B" = "CLOCK1"
    Info (12134): Parameter "INDATA_ACLR_A" = "NONE"
    Info (12134): Parameter "WRCONTROL_ACLR_A" = "NONE"
Info (12021): Found 1 design units, including 1 entities, in source file db/altsyncram_k9j1.tdf
    Info (12023): Found entity 1: altsyncram_k9j1 File: /tmp/h_Arcade-MCR3_MiSTer/db/altsyncram_k9j1.tdf Line: 28
Info (12130): Elaborated megafunction instantiation "shadowmask:HDMI_shadowmask|altshift_taps:vid_rtl_0"
Info (12133): Instantiated megafunction "shadowmask:HDMI_shadowmask|altshift_taps:vid_rtl_0" with the following parameter:
    Info (12134): Parameter "NUMBER_OF_TAPS" = "1"
    Info (12134): Parameter "TAP_DISTANCE" = "4"
    Info (12134): Parameter "WIDTH" = "81"
    Info (12134): Parameter "POWER_UP_STATE" = "DONT_CARE"
Info (12021): Found 1 design units, including 1 entities, in source file db/shift_taps_0vu.tdf
    Info (12023): Found entity 1: shift_taps_0vu File: /tmp/h_Arcade-MCR3_MiSTer/db/shift_taps_0vu.tdf Line: 27
Info (12021): Found 1 design units, including 1 entities, in source file db/altsyncram_pr91.tdf
    Info (12023): Found entity 1: altsyncram_pr91 File: /tmp/h_Arcade-MCR3_MiSTer/db/altsyncram_pr91.tdf Line: 28
Info (12021): Found 1 design units, including 1 entities, in source file db/cntr_phf.tdf
    Info (12023): Found entity 1: cntr_phf File: /tmp/h_Arcade-MCR3_MiSTer/db/cntr_phf.tdf Line: 26
Info (12130): Elaborated megafunction instantiation "ascal:ascal|altsyncram:i_dpram_rtl_0"
Info (12133): Instantiated megafunction "ascal:ascal|altsyncram:i_dpram_rtl_0" with the following parameter:
    Info (12134): Parameter "OPERATION_MODE" = "DUAL_PORT"
    Info (12134): Parameter "WIDTH_A" = "128"
    Info (12134): Parameter "WIDTHAD_A" = "5"
    Info (12134): Parameter "NUMWORDS_A" = "32"
    Info (12134): Parameter "WIDTH_B" = "128"
    Info (12134): Parameter "WIDTHAD_B" = "5"
    Info (12134): Parameter "NUMWORDS_B" = "32"
    Info (12134): Parameter "ADDRESS_ACLR_A" = "NONE"
    Info (12134): Parameter "OUTDATA_REG_B" = "UNREGISTERED"
    Info (12134): Parameter "ADDRESS_ACLR_B" = "NONE"
    Info (12134): Parameter "OUTDATA_ACLR_B" = "NONE"
    Info (12134): Parameter "ADDRESS_REG_B" = "CLOCK1"
    Info (12134): Parameter "INDATA_ACLR_A" = "NONE"
    Info (12134): Parameter "WRCONTROL_ACLR_A" = "NONE"
Info (12021): Found 1 design units, including 1 entities, in source file db/altsyncram_g9j1.tdf
    Info (12023): Found entity 1: altsyncram_g9j1 File: /tmp/h_Arcade-MCR3_MiSTer/db/altsyncram_g9j1.tdf Line: 28
Info (12130): Elaborated megafunction instantiation "ascal:ascal|altsyncram:o_dpram_rtl_0"
Info (12133): Instantiated megafunction "ascal:ascal|altsyncram:o_dpram_rtl_0" with the following parameter:
    Info (12134): Parameter "OPERATION_MODE" = "DUAL_PORT"
    Info (12134): Parameter "WIDTH_A" = "128"
    Info (12134): Parameter "WIDTHAD_A" = "5"
    Info (12134): Parameter "NUMWORDS_A" = "32"
    Info (12134): Parameter "WIDTH_B" = "128"
    Info (12134): Parameter "WIDTHAD_B" = "5"
    Info (12134): Parameter "NUMWORDS_B" = "32"
    Info (12134): Parameter "ADDRESS_ACLR_A" = "NONE"
    Info (12134): Parameter "OUTDATA_REG_B" = "CLOCK1"
    Info (12134): Parameter "ADDRESS_ACLR_B" = "NONE"
    Info (12134): Parameter "OUTDATA_ACLR_B" = "NONE"
    Info (12134): Parameter "ADDRESS_REG_B" = "CLOCK1"
    Info (12134): Parameter "INDATA_ACLR_A" = "NONE"
    Info (12134): Parameter "WRCONTROL_ACLR_A" = "NONE"
Info (12021): Found 1 design units, including 1 entities, in source file db/altsyncram_32k1.tdf
    Info (12023): Found entity 1: altsyncram_32k1 File: /tmp/h_Arcade-MCR3_MiSTer/db/altsyncram_32k1.tdf Line: 28
Info (12130): Elaborated megafunction instantiation "emu:emu|mcr3:mcr3|gen_ram:sprlinebuf2b|altsyncram:ram_rtl_0"
Info (12133): Instantiated megafunction "emu:emu|mcr3:mcr3|gen_ram:sprlinebuf2b|altsyncram:ram_rtl_0" with the following parameter:
    Info (12134): Parameter "OPERATION_MODE" = "SINGLE_PORT"
    Info (12134): Parameter "WIDTH_A" = "6"
    Info (12134): Parameter "WIDTHAD_A" = "8"
    Info (12134): Parameter "NUMWORDS_A" = "256"
    Info (12134): Parameter "OUTDATA_REG_A" = "UNREGISTERED"
    Info (12134): Parameter "ADDRESS_ACLR_A" = "NONE"
    Info (12134): Parameter "OUTDATA_ACLR_A" = "NONE"
    Info (12134): Parameter "INDATA_ACLR_A" = "NONE"
    Info (12134): Parameter "WRCONTROL_ACLR_A" = "NONE"
Info (12021): Found 1 design units, including 1 entities, in source file db/altsyncram_dka1.tdf
    Info (12023): Found entity 1: altsyncram_dka1 File: /tmp/h_Arcade-MCR3_MiSTer/db/altsyncram_dka1.tdf Line: 28
Info (12130): Elaborated megafunction instantiation "emu:emu|mcr3:mcr3|dpram:wram|altsyncram:ram_rtl_0"
Info (12133): Instantiated megafunction "emu:emu|mcr3:mcr3|dpram:wram|altsyncram:ram_rtl_0" with the following parameter:
    Info (12134): Parameter "OPERATION_MODE" = "BIDIR_DUAL_PORT"
    Info (12134): Parameter "WIDTH_A" = "8"
    Info (12134): Parameter "WIDTH_B" = "8"
    Info (12134): Parameter "WIDTHAD_A" = "11"
    Info (12134): Parameter "WIDTHAD_B" = "11"
    Info (12134): Parameter "NUMWORDS_A" = "2048"
    Info (12134): Parameter "NUMWORDS_B" = "2048"
    Info (12134): Parameter "OUTDATA_REG_A" = "UNREGISTERED"
    Info (12134): Parameter "OUTDATA_REG_B" = "UNREGISTERED"
    Info (12134): Parameter "ADDRESS_REG_B" = "CLOCK1"
    Info (12134): Parameter "INDATA_REG_B" = "CLOCK1"
    Info (12134): Parameter "WRCONTROL_WRADDRESS_REG_B" = "CLOCK1"
    Info (12134): Parameter "INDATA_ACLR_A" = "NONE"
    Info (12134): Parameter "WRCONTROL_ACLR_A" = "NONE"
    Info (12134): Parameter "ADDRESS_ACLR_A" = "NONE"
    Info (12134): Parameter "ADDRESS_ACLR_B" = "NONE"
    Info (12134): Parameter "OUTDATA_ACLR_B" = "NONE"
Info (12021): Found 1 design units, including 1 entities, in source file db/altsyncram_ajt1.tdf
    Info (12023): Found entity 1: altsyncram_ajt1 File: /tmp/h_Arcade-MCR3_MiSTer/db/altsyncram_ajt1.tdf Line: 28
Info (12130): Elaborated megafunction instantiation "emu:emu|dpram:cpu_rom|altsyncram:ram_rtl_0"
Info (12133): Instantiated megafunction "emu:emu|dpram:cpu_rom|altsyncram:ram_rtl_0" with the following parameter:
    Info (12134): Parameter "OPERATION_MODE" = "DUAL_PORT"
    Info (12134): Parameter "WIDTH_A" = "8"
    Info (12134): Parameter "WIDTHAD_A" = "16"
    Info (12134): Parameter "NUMWORDS_A" = "65536"
    Info (12134): Parameter "WIDTH_B" = "8"
    Info (12134): Parameter "WIDTHAD_B" = "16"
    Info (12134): Parameter "NUMWORDS_B" = "65536"
    Info (12134): Parameter "ADDRESS_ACLR_A" = "NONE"
    Info (12134): Parameter "OUTDATA_REG_B" = "UNREGISTERED"
    Info (12134): Parameter "ADDRESS_ACLR_B" = "NONE"
    Info (12134): Parameter "OUTDATA_ACLR_B" = "NONE"
    Info (12134): Parameter "ADDRESS_REG_B" = "CLOCK0"
    Info (12134): Parameter "INDATA_ACLR_A" = "NONE"
    Info (12134): Parameter "WRCONTROL_ACLR_A" = "NONE"
Info (12021): Found 1 design units, including 1 entities, in source file db/altsyncram_oti1.tdf
    Info (12023): Found entity 1: altsyncram_oti1 File: /tmp/h_Arcade-MCR3_MiSTer/db/altsyncram_oti1.tdf Line: 34
Info (12021): Found 1 design units, including 1 entities, in source file db/decode_dla.tdf
    Info (12023): Found entity 1: decode_dla File: /tmp/h_Arcade-MCR3_MiSTer/db/decode_dla.tdf Line: 23
Info (12021): Found 1 design units, including 1 entities, in source file db/decode_61a.tdf
    Info (12023): Found entity 1: decode_61a File: /tmp/h_Arcade-MCR3_MiSTer/db/decode_61a.tdf Line: 23
Info (12021): Found 1 design units, including 1 entities, in source file db/mux_tfb.tdf
    Info (12023): Found entity 1: mux_tfb File: /tmp/h_Arcade-MCR3_MiSTer/db/mux_tfb.tdf Line: 23
Info (12130): Elaborated megafunction instantiation "emu:emu|arcade_video:arcade_video|video_mixer:video_mixer|scandoubler:sd|Hq2x:Hq2x|hq2x_buf:hq2x_out|altsyncram:ram_rtl_0"
Info (12133): Instantiated megafunction "emu:emu|arcade_video:arcade_video|video_mixer:video_mixer|scandoubler:sd|Hq2x:Hq2x|hq2x_buf:hq2x_out|altsyncram:ram_rtl_0" with the following parameter:
    Info (12134): Parameter "OPERATION_MODE" = "DUAL_PORT"
    Info (12134): Parameter "WIDTH_A" = "96"
    Info (12134): Parameter "WIDTHAD_A" = "11"
    Info (12134): Parameter "NUMWORDS_A" = "1032"
    Info (12134): Parameter "WIDTH_B" = "96"
    Info (12134): Parameter "WIDTHAD_B" = "11"
    Info (12134): Parameter "NUMWORDS_B" = "1032"
    Info (12134): Parameter "ADDRESS_ACLR_A" = "NONE"
    Info (12134): Parameter "OUTDATA_REG_B" = "UNREGISTERED"
    Info (12134): Parameter "ADDRESS_ACLR_B" = "NONE"
    Info (12134): Parameter "OUTDATA_ACLR_B" = "NONE"
    Info (12134): Parameter "ADDRESS_REG_B" = "CLOCK0"
    Info (12134): Parameter "INDATA_ACLR_A" = "NONE"
    Info (12134): Parameter "WRCONTROL_ACLR_A" = "NONE"
    Info (12134): Parameter "READ_DURING_WRITE_MODE_MIXED_PORTS" = "OLD_DATA"
Info (12021): Found 1 design units, including 1 entities, in source file db/altsyncram_ecn1.tdf
    Info (12023): Found entity 1: altsyncram_ecn1 File: /tmp/h_Arcade-MCR3_MiSTer/db/altsyncram_ecn1.tdf Line: 28
Info (12130): Elaborated megafunction instantiation "emu:emu|arcade_video:arcade_video|video_mixer:video_mixer|scandoubler:sd|Hq2x:Hq2x|hq2x_in:hq2x_in|hq2x_buf:buf1|altsyncram:ram_rtl_0"
Info (12133): Instantiated megafunction "emu:emu|arcade_video:arcade_video|video_mixer:video_mixer|scandoubler:sd|Hq2x:Hq2x|hq2x_in:hq2x_in|hq2x_buf:buf1|altsyncram:ram_rtl_0" with the following parameter:
    Info (12134): Parameter "OPERATION_MODE" = "DUAL_PORT"
    Info (12134): Parameter "WIDTH_A" = "24"
    Info (12134): Parameter "WIDTHAD_A" = "10"
    Info (12134): Parameter "NUMWORDS_A" = "516"
    Info (12134): Parameter "WIDTH_B" = "24"
    Info (12134): Parameter "WIDTHAD_B" = "10"
    Info (12134): Parameter "NUMWORDS_B" = "516"
    Info (12134): Parameter "ADDRESS_ACLR_A" = "NONE"
    Info (12134): Parameter "OUTDATA_REG_B" = "UNREGISTERED"
    Info (12134): Parameter "ADDRESS_ACLR_B" = "NONE"
    Info (12134): Parameter "OUTDATA_ACLR_B" = "NONE"
    Info (12134): Parameter "ADDRESS_REG_B" = "CLOCK0"
    Info (12134): Parameter "INDATA_ACLR_A" = "NONE"
    Info (12134): Parameter "WRCONTROL_ACLR_A" = "NONE"
    Info (12134): Parameter "READ_DURING_WRITE_MODE_MIXED_PORTS" = "OLD_DATA"
Info (12021): Found 1 design units, including 1 entities, in source file db/altsyncram_69n1.tdf
    Info (12023): Found entity 1: altsyncram_69n1 File: /tmp/h_Arcade-MCR3_MiSTer/db/altsyncram_69n1.tdf Line: 28
Info (12130): Elaborated megafunction instantiation "emu:emu|mcr3:mcr3|dpram:bg_graphics_2|altsyncram:ram_rtl_0"
Info (12133): Instantiated megafunction "emu:emu|mcr3:mcr3|dpram:bg_graphics_2|altsyncram:ram_rtl_0" with the following parameter:
    Info (12134): Parameter "OPERATION_MODE" = "DUAL_PORT"
    Info (12134): Parameter "WIDTH_A" = "8"
    Info (12134): Parameter "WIDTHAD_A" = "14"
    Info (12134): Parameter "NUMWORDS_A" = "16384"
    Info (12134): Parameter "WIDTH_B" = "8"
    Info (12134): Parameter "WIDTHAD_B" = "14"
    Info (12134): Parameter "NUMWORDS_B" = "16384"
    Info (12134): Parameter "ADDRESS_ACLR_A" = "NONE"
    Info (12134): Parameter "OUTDATA_REG_B" = "UNREGISTERED"
    Info (12134): Parameter "ADDRESS_ACLR_B" = "NONE"
    Info (12134): Parameter "OUTDATA_ACLR_B" = "NONE"
    Info (12134): Parameter "ADDRESS_REG_B" = "CLOCK1"
    Info (12134): Parameter "INDATA_ACLR_A" = "NONE"
    Info (12134): Parameter "WRCONTROL_ACLR_A" = "NONE"
Info (12021): Found 1 design units, including 1 entities, in source file db/altsyncram_cgj1.tdf
    Info (12023): Found entity 1: altsyncram_cgj1 File: /tmp/h_Arcade-MCR3_MiSTer/db/altsyncram_cgj1.tdf Line: 34
Info (12021): Found 1 design units, including 1 entities, in source file db/decode_5la.tdf
    Info (12023): Found entity 1: decode_5la File: /tmp/h_Arcade-MCR3_MiSTer/db/decode_5la.tdf Line: 23
Info (12021): Found 1 design units, including 1 entities, in source file db/decode_u0a.tdf
    Info (12023): Found entity 1: decode_u0a File: /tmp/h_Arcade-MCR3_MiSTer/db/decode_u0a.tdf Line: 23
Info (12021): Found 1 design units, including 1 entities, in source file db/mux_lfb.tdf
    Info (12023): Found entity 1: mux_lfb File: /tmp/h_Arcade-MCR3_MiSTer/db/mux_lfb.tdf Line: 23
Info (12130): Elaborated megafunction instantiation "ascal:ascal|altshift_taps:o_vpix_inner[2].r_rtl_0"
Info (12133): Instantiated megafunction "ascal:ascal|altshift_taps:o_vpix_inner[2].r_rtl_0" with the following parameter:
    Info (12134): Parameter "NUMBER_OF_TAPS" = "1"
    Info (12134): Parameter "TAP_DISTANCE" = "4"
    Info (12134): Parameter "WIDTH" = "24"
    Info (12134): Parameter "POWER_UP_STATE" = "DONT_CARE"
Info (12021): Found 1 design units, including 1 entities, in source file db/shift_taps_agv.tdf
    Info (12023): Found entity 1: shift_taps_agv File: /tmp/h_Arcade-MCR3_MiSTer/db/shift_taps_agv.tdf Line: 27
Info (12021): Found 1 design units, including 1 entities, in source file db/altsyncram_jr91.tdf
    Info (12023): Found entity 1: altsyncram_jr91 File: /tmp/h_Arcade-MCR3_MiSTer/db/altsyncram_jr91.tdf Line: 28
Info (12130): Elaborated megafunction instantiation "emu:emu|arcade_video:arcade_video|video_mixer:video_mixer|gamma_corr:gamma|altsyncram:gamma_curve_rtl_0"
Info (12133): Instantiated megafunction "emu:emu|arcade_video:arcade_video|video_mixer:video_mixer|gamma_corr:gamma|altsyncram:gamma_curve_rtl_0" with the following parameter:
    Info (12134): Parameter "OPERATION_MODE" = "DUAL_PORT"
    Info (12134): Parameter "WIDTH_A" = "8"
    Info (12134): Parameter "WIDTHAD_A" = "10"
    Info (12134): Parameter "NUMWORDS_A" = "768"
    Info (12134): Parameter "WIDTH_B" = "8"
    Info (12134): Parameter "WIDTHAD_B" = "10"
    Info (12134): Parameter "NUMWORDS_B" = "768"
    Info (12134): Parameter "ADDRESS_ACLR_A" = "NONE"
    Info (12134): Parameter "OUTDATA_REG_B" = "UNREGISTERED"
    Info (12134): Parameter "ADDRESS_ACLR_B" = "NONE"
    Info (12134): Parameter "OUTDATA_ACLR_B" = "NONE"
    Info (12134): Parameter "ADDRESS_REG_B" = "CLOCK1"
    Info (12134): Parameter "INDATA_ACLR_A" = "NONE"
    Info (12134): Parameter "WRCONTROL_ACLR_A" = "NONE"
Info (12021): Found 1 design units, including 1 entities, in source file db/altsyncram_3aj1.tdf
    Info (12023): Found entity 1: altsyncram_3aj1 File: /tmp/h_Arcade-MCR3_MiSTer/db/altsyncram_3aj1.tdf Line: 28
Info (12130): Elaborated megafunction instantiation "vga_out:vga_scaler_out|altshift_taps:din1_rtl_0"
Info (12133): Instantiated megafunction "vga_out:vga_scaler_out|altshift_taps:din1_rtl_0" with the following parameter:
    Info (12134): Parameter "NUMBER_OF_TAPS" = "1"
    Info (12134): Parameter "TAP_DISTANCE" = "3"
    Info (12134): Parameter "WIDTH" = "31"
    Info (12134): Parameter "POWER_UP_STATE" = "DONT_CARE"
Info (12021): Found 1 design units, including 1 entities, in source file db/shift_taps_quu.tdf
    Info (12023): Found entity 1: shift_taps_quu File: /tmp/h_Arcade-MCR3_MiSTer/db/shift_taps_quu.tdf Line: 27
Info (12021): Found 1 design units, including 1 entities, in source file db/altsyncram_dr91.tdf
    Info (12023): Found entity 1: altsyncram_dr91 File: /tmp/h_Arcade-MCR3_MiSTer/db/altsyncram_dr91.tdf Line: 28
Warning (12241): 22 hierarchies have connectivity warnings - see the Connectivity Checks report folder
Info (17026): Resynthesizing 0 WYSIWYG logic cells and I/Os using "speed" technology mapper which leaves 7 WYSIWYG logic cells and I/Os untouched
Warning (13027): Removed fan-outs from the following always-disabled I/O buffers
    Warning (13028): Removed fan-out from the always-disabled I/O buffer "emu:emu|SDRAM_DQ[0]" to the node "SDRAM_DQ[0]" File: /tmp/h_Arcade-MCR3_MiSTer/Arcade-MCR3.sv Line: 140
    Warning (13028): Removed fan-out from the always-disabled I/O buffer "emu:emu|SDRAM_DQ[1]" to the node "SDRAM_DQ[1]" File: /tmp/h_Arcade-MCR3_MiSTer/Arcade-MCR3.sv Line: 140
    Warning (13028): Removed fan-out from the always-disabled I/O buffer "emu:emu|SDRAM_DQ[2]" to the node "SDRAM_DQ[2]" File: /tmp/h_Arcade-MCR3_MiSTer/Arcade-MCR3.sv Line: 140
    Warning (13028): Removed fan-out from the always-disabled I/O buffer "emu:emu|SDRAM_DQ[3]" to the node "SDRAM_DQ[3]" File: /tmp/h_Arcade-MCR3_MiSTer/Arcade-MCR3.sv Line: 140
    Warning (13028): Removed fan-out from the always-disabled I/O buffer "emu:emu|SDRAM_DQ[4]" to the node "SDRAM_DQ[4]" File: /tmp/h_Arcade-MCR3_MiSTer/Arcade-MCR3.sv Line: 140
    Warning (13028): Removed fan-out from the always-disabled I/O buffer "emu:emu|SDRAM_DQ[5]" to the node "SDRAM_DQ[5]" File: /tmp/h_Arcade-MCR3_MiSTer/Arcade-MCR3.sv Line: 140
    Warning (13028): Removed fan-out from the always-disabled I/O buffer "emu:emu|SDRAM_DQ[6]" to the node "SDRAM_DQ[6]" File: /tmp/h_Arcade-MCR3_MiSTer/Arcade-MCR3.sv Line: 140
    Warning (13028): Removed fan-out from the always-disabled I/O buffer "emu:emu|SDRAM_DQ[7]" to the node "SDRAM_DQ[7]" File: /tmp/h_Arcade-MCR3_MiSTer/Arcade-MCR3.sv Line: 140
    Warning (13028): Removed fan-out from the always-disabled I/O buffer "emu:emu|SDRAM_DQ[8]" to the node "SDRAM_DQ[8]" File: /tmp/h_Arcade-MCR3_MiSTer/Arcade-MCR3.sv Line: 140
    Warning (13028): Removed fan-out from the always-disabled I/O buffer "emu:emu|SDRAM_DQ[9]" to the node "SDRAM_DQ[9]" File: /tmp/h_Arcade-MCR3_MiSTer/Arcade-MCR3.sv Line: 140
    Warning (13028): Removed fan-out from the always-disabled I/O buffer "emu:emu|SDRAM_DQ[10]" to the node "SDRAM_DQ[10]" File: /tmp/h_Arcade-MCR3_MiSTer/Arcade-MCR3.sv Line: 140
    Warning (13028): Removed fan-out from the always-disabled I/O buffer "emu:emu|SDRAM_DQ[11]" to the node "SDRAM_DQ[11]" File: /tmp/h_Arcade-MCR3_MiSTer/Arcade-MCR3.sv Line: 140
    Warning (13028): Removed fan-out from the always-disabled I/O buffer "emu:emu|SDRAM_DQ[12]" to the node "SDRAM_DQ[12]" File: /tmp/h_Arcade-MCR3_MiSTer/Arcade-MCR3.sv Line: 140
    Warning (13028): Removed fan-out from the always-disabled I/O buffer "emu:emu|SDRAM_DQ[13]" to the node "SDRAM_DQ[13]" File: /tmp/h_Arcade-MCR3_MiSTer/Arcade-MCR3.sv Line: 140
    Warning (13028): Removed fan-out from the always-disabled I/O buffer "emu:emu|SDRAM_DQ[14]" to the node "SDRAM_DQ[14]" File: /tmp/h_Arcade-MCR3_MiSTer/Arcade-MCR3.sv Line: 140
    Warning (13028): Removed fan-out from the always-disabled I/O buffer "emu:emu|SDRAM_DQ[15]" to the node "SDRAM_DQ[15]" File: /tmp/h_Arcade-MCR3_MiSTer/Arcade-MCR3.sv Line: 140
Warning (13034): The following nodes have both tri-state and non-tri-state drivers
    Warning (13035): Inserted always-enabled tri-state buffer between "SDRAM_CLK" and its non-tri-state driver. File: /tmp/h_Arcade-MCR3_MiSTer/sys/sys_top.v Line: 56
Warning (13027): Removed fan-outs from the following always-disabled I/O buffers
    Warning (13028): Removed fan-out from the always-disabled I/O buffer "emu:emu|SDRAM_CLK" to the node "SDRAM_CLK" File: /tmp/h_Arcade-MCR3_MiSTer/Arcade-MCR3.sv Line: 136
Warning (13050): Open-drain buffer(s) that do not directly drive top-level pin(s) are removed
    Warning (13051): Converted the fanout from the open-drain buffer "emu:emu|SD_SCK" to the node "emu:emu|SD_SCK" into a wire File: /tmp/h_Arcade-MCR3_MiSTer/Arcade-MCR3.sv Line: 116
    Warning (13051): Converted the fanout from the open-drain buffer "emu:emu|SD_MOSI" to the node "emu:emu|SD_MOSI" into a wire File: /tmp/h_Arcade-MCR3_MiSTer/Arcade-MCR3.sv Line: 117
Warning (13034): The following nodes have both tri-state and non-tri-state drivers
    Warning (13035): Inserted always-enabled tri-state buffer between "SDRAM_A[0]" and its non-tri-state driver. File: /tmp/h_Arcade-MCR3_MiSTer/sys/sys_top.v Line: 47
    Warning (13035): Inserted always-enabled tri-state buffer between "SDRAM_A[1]" and its non-tri-state driver. File: /tmp/h_Arcade-MCR3_MiSTer/sys/sys_top.v Line: 47
    Warning (13035): Inserted always-enabled tri-state buffer between "SDRAM_A[2]" and its non-tri-state driver. File: /tmp/h_Arcade-MCR3_MiSTer/sys/sys_top.v Line: 47
    Warning (13035): Inserted always-enabled tri-state buffer between "SDRAM_A[3]" and its non-tri-state driver. File: /tmp/h_Arcade-MCR3_MiSTer/sys/sys_top.v Line: 47
    Warning (13035): Inserted always-enabled tri-state buffer between "SDRAM_A[4]" and its non-tri-state driver. File: /tmp/h_Arcade-MCR3_MiSTer/sys/sys_top.v Line: 47
    Warning (13035): Inserted always-enabled tri-state buffer between "SDRAM_A[5]" and its non-tri-state driver. File: /tmp/h_Arcade-MCR3_MiSTer/sys/sys_top.v Line: 47
    Warning (13035): Inserted always-enabled tri-state buffer between "SDRAM_A[6]" and its non-tri-state driver. File: /tmp/h_Arcade-MCR3_MiSTer/sys/sys_top.v Line: 47
    Warning (13035): Inserted always-enabled tri-state buffer between "SDRAM_A[7]" and its non-tri-state driver. File: /tmp/h_Arcade-MCR3_MiSTer/sys/sys_top.v Line: 47
    Warning (13035): Inserted always-enabled tri-state buffer between "SDRAM_A[8]" and its non-tri-state driver. File: /tmp/h_Arcade-MCR3_MiSTer/sys/sys_top.v Line: 47
    Warning (13035): Inserted always-enabled tri-state buffer between "SDRAM_A[9]" and its non-tri-state driver. File: /tmp/h_Arcade-MCR3_MiSTer/sys/sys_top.v Line: 47
    Warning (13035): Inserted always-enabled tri-state buffer between "SDRAM_A[10]" and its non-tri-state driver. File: /tmp/h_Arcade-MCR3_MiSTer/sys/sys_top.v Line: 47
    Warning (13035): Inserted always-enabled tri-state buffer between "SDRAM_A[11]" and its non-tri-state driver. File: /tmp/h_Arcade-MCR3_MiSTer/sys/sys_top.v Line: 47
    Warning (13035): Inserted always-enabled tri-state buffer between "SDRAM_A[12]" and its non-tri-state driver. File: /tmp/h_Arcade-MCR3_MiSTer/sys/sys_top.v Line: 47
    Warning (13035): Inserted always-enabled tri-state buffer between "SDRAM_DQML" and its non-tri-state driver. File: /tmp/h_Arcade-MCR3_MiSTer/sys/sys_top.v Line: 49
    Warning (13035): Inserted always-enabled tri-state buffer between "SDRAM_DQMH" and its non-tri-state driver. File: /tmp/h_Arcade-MCR3_MiSTer/sys/sys_top.v Line: 50
    Warning (13035): Inserted always-enabled tri-state buffer between "SDRAM_nWE" and its non-tri-state driver. File: /tmp/h_Arcade-MCR3_MiSTer/sys/sys_top.v Line: 51
    Warning (13035): Inserted always-enabled tri-state buffer between "SDRAM_nCAS" and its non-tri-state driver. File: /tmp/h_Arcade-MCR3_MiSTer/sys/sys_top.v Line: 52
    Warning (13035): Inserted always-enabled tri-state buffer between "SDRAM_nRAS" and its non-tri-state driver. File: /tmp/h_Arcade-MCR3_MiSTer/sys/sys_top.v Line: 53
    Warning (13035): Inserted always-enabled tri-state buffer between "SDRAM_BA[0]" and its non-tri-state driver. File: /tmp/h_Arcade-MCR3_MiSTer/sys/sys_top.v Line: 55
    Warning (13035): Inserted always-enabled tri-state buffer between "SDRAM_BA[1]" and its non-tri-state driver. File: /tmp/h_Arcade-MCR3_MiSTer/sys/sys_top.v Line: 55
Warning (13027): Removed fan-outs from the following always-disabled I/O buffers
    Warning (13028): Removed fan-out from the always-disabled I/O buffer "emu:emu|SDRAM_A[0]" to the node "SDRAM_A[0]" File: /tmp/h_Arcade-MCR3_MiSTer/Arcade-MCR3.sv Line: 138
    Warning (13028): Removed fan-out from the always-disabled I/O buffer "emu:emu|SDRAM_A[1]" to the node "SDRAM_A[1]" File: /tmp/h_Arcade-MCR3_MiSTer/Arcade-MCR3.sv Line: 138
    Warning (13028): Removed fan-out from the always-disabled I/O buffer "emu:emu|SDRAM_A[2]" to the node "SDRAM_A[2]" File: /tmp/h_Arcade-MCR3_MiSTer/Arcade-MCR3.sv Line: 138
    Warning (13028): Removed fan-out from the always-disabled I/O buffer "emu:emu|SDRAM_A[3]" to the node "SDRAM_A[3]" File: /tmp/h_Arcade-MCR3_MiSTer/Arcade-MCR3.sv Line: 138
    Warning (13028): Removed fan-out from the always-disabled I/O buffer "emu:emu|SDRAM_A[4]" to the node "SDRAM_A[4]" File: /tmp/h_Arcade-MCR3_MiSTer/Arcade-MCR3.sv Line: 138
    Warning (13028): Removed fan-out from the always-disabled I/O buffer "emu:emu|SDRAM_A[5]" to the node "SDRAM_A[5]" File: /tmp/h_Arcade-MCR3_MiSTer/Arcade-MCR3.sv Line: 138
    Warning (13028): Removed fan-out from the always-disabled I/O buffer "emu:emu|SDRAM_A[6]" to the node "SDRAM_A[6]" File: /tmp/h_Arcade-MCR3_MiSTer/Arcade-MCR3.sv Line: 138
    Warning (13028): Removed fan-out from the always-disabled I/O buffer "emu:emu|SDRAM_A[7]" to the node "SDRAM_A[7]" File: /tmp/h_Arcade-MCR3_MiSTer/Arcade-MCR3.sv Line: 138
    Warning (13028): Removed fan-out from the always-disabled I/O buffer "emu:emu|SDRAM_A[8]" to the node "SDRAM_A[8]" File: /tmp/h_Arcade-MCR3_MiSTer/Arcade-MCR3.sv Line: 138
    Warning (13028): Removed fan-out from the always-disabled I/O buffer "emu:emu|SDRAM_A[9]" to the node "SDRAM_A[9]" File: /tmp/h_Arcade-MCR3_MiSTer/Arcade-MCR3.sv Line: 138
    Warning (13028): Removed fan-out from the always-disabled I/O buffer "emu:emu|SDRAM_A[10]" to the node "SDRAM_A[10]" File: /tmp/h_Arcade-MCR3_MiSTer/Arcade-MCR3.sv Line: 138
    Warning (13028): Removed fan-out from the always-disabled I/O buffer "emu:emu|SDRAM_A[11]" to the node "SDRAM_A[11]" File: /tmp/h_Arcade-MCR3_MiSTer/Arcade-MCR3.sv Line: 138
    Warning (13028): Removed fan-out from the always-disabled I/O buffer "emu:emu|SDRAM_A[12]" to the node "SDRAM_A[12]" File: /tmp/h_Arcade-MCR3_MiSTer/Arcade-MCR3.sv Line: 138
    Warning (13028): Removed fan-out from the always-disabled I/O buffer "emu:emu|SDRAM_DQML" to the node "SDRAM_DQML" File: /tmp/h_Arcade-MCR3_MiSTer/Arcade-MCR3.sv Line: 141
    Warning (13028): Removed fan-out from the always-disabled I/O buffer "emu:emu|SDRAM_DQMH" to the node "SDRAM_DQMH" File: /tmp/h_Arcade-MCR3_MiSTer/Arcade-MCR3.sv Line: 142
    Warning (13028): Removed fan-out from the always-disabled I/O buffer "emu:emu|SDRAM_nWE" to the node "SDRAM_nWE" File: /tmp/h_Arcade-MCR3_MiSTer/Arcade-MCR3.sv Line: 146
    Warning (13028): Removed fan-out from the always-disabled I/O buffer "emu:emu|SDRAM_nCAS" to the node "SDRAM_nCAS" File: /tmp/h_Arcade-MCR3_MiSTer/Arcade-MCR3.sv Line: 144
    Warning (13028): Removed fan-out from the always-disabled I/O buffer "emu:emu|SDRAM_nRAS" to the node "SDRAM_nRAS" File: /tmp/h_Arcade-MCR3_MiSTer/Arcade-MCR3.sv Line: 145
    Warning (13028): Removed fan-out from the always-disabled I/O buffer "emu:emu|SDRAM_BA[0]" to the node "SDRAM_BA[0]" File: /tmp/h_Arcade-MCR3_MiSTer/Arcade-MCR3.sv Line: 139
    Warning (13028): Removed fan-out from the always-disabled I/O buffer "emu:emu|SDRAM_BA[1]" to the node "SDRAM_BA[1]" File: /tmp/h_Arcade-MCR3_MiSTer/Arcade-MCR3.sv Line: 139
Warning (13032): The following tri-state nodes are fed by constants
    Warning (13033): The pin "SDRAM_nCS" is fed by GND File: /tmp/h_Arcade-MCR3_MiSTer/sys/sys_top.v Line: 54
    Warning (13033): The pin "SDRAM_CKE" is fed by VCC File: /tmp/h_Arcade-MCR3_MiSTer/sys/sys_top.v Line: 57
Warning (13027): Removed fan-outs from the following always-disabled I/O buffers
    Warning (13028): Removed fan-out from the always-disabled I/O buffer "emu:emu|SDRAM_nCS" to the node "SDRAM_nCS" File: /tmp/h_Arcade-MCR3_MiSTer/Arcade-MCR3.sv Line: 143
    Warning (13028): Removed fan-out from the always-disabled I/O buffer "emu:emu|SDRAM_CKE" to the node "SDRAM_CKE" File: /tmp/h_Arcade-MCR3_MiSTer/Arcade-MCR3.sv Line: 137
Warning (13050): Open-drain buffer(s) that do not directly drive top-level pin(s) are removed
    Warning (13051): Converted the fanout from the open-drain buffer "HDMI_I2C_SCL" to the node "hdmi_scl_en" into a wire File: /tmp/h_Arcade-MCR3_MiSTer/sys/sys_top.v Line: 30
Warning (13030): Reduced the following open-drain buffers that are fed by GND
    Warning (13031): Reduced fanout from the always-enabled open-drain buffer "emu:emu|SDRAM_nCS" to the output pin "SDRAM_nCS" to GND File: /tmp/h_Arcade-MCR3_MiSTer/Arcade-MCR3.sv Line: 143
Warning (14284): Synthesized away the following node(s):
    Warning (14285): Synthesized away the following LCELL buffer node(s):
        Warning (14320): Synthesized away node "pll_cfg_hdmi:pll_cfg_hdmi|phase_done" File: /tmp/h_Arcade-MCR3_MiSTer/sys/pll_cfg/pll_cfg_hdmi.v Line: 165
Warning (13024): Output pins are stuck at VCC or GND
    Warning (13410): Pin "SDRAM_nCS" is stuck at GND File: /tmp/h_Arcade-MCR3_MiSTer/sys/sys_top.v Line: 54
    Warning (13410): Pin "SDRAM_CKE" is stuck at VCC File: /tmp/h_Arcade-MCR3_MiSTer/sys/sys_top.v Line: 57
Info (17049): 1226 registers lost all their fanouts during netlist optimizations.
Info (17016): Found the following redundant logic cells in design
    Info (17048): Logic cell "pll_cfg_hdmi:pll_cfg_hdmi|generic_lcell_comb:lcell_dprio_read|combout" File: /tmp/h_Arcade-MCR3_MiSTer/sys/pll_cfg/altera_pll_reconfig_core.v Line: 2179
    Info (17048): Logic cell "pll_cfg_hdmi:pll_cfg_hdmi|dyn_phase_shift:dyn_phase_shift_inst|generic_lcell_comb:lcell_cnt_sel_0|combout" File: /tmp/h_Arcade-MCR3_MiSTer/sys/pll_cfg/altera_pll_reconfig_core.v Line: 2179
    Info (17048): Logic cell "pll_cfg_hdmi:pll_cfg_hdmi|dyn_phase_shift:dyn_phase_shift_inst|generic_lcell_comb:lcell_cnt_sel_1|combout" File: /tmp/h_Arcade-MCR3_MiSTer/sys/pll_cfg/altera_pll_reconfig_core.v Line: 2179
    Info (17048): Logic cell "pll_cfg_hdmi:pll_cfg_hdmi|dyn_phase_shift:dyn_phase_shift_inst|generic_lcell_comb:lcell_cnt_sel_2|combout" File: /tmp/h_Arcade-MCR3_MiSTer/sys/pll_cfg/altera_pll_reconfig_core.v Line: 2179
    Info (17048): Logic cell "pll_cfg_hdmi:pll_cfg_hdmi|dyn_phase_shift:dyn_phase_shift_inst|generic_lcell_comb:lcell_cnt_sel_3|combout" File: /tmp/h_Arcade-MCR3_MiSTer/sys/pll_cfg/altera_pll_reconfig_core.v Line: 2179
    Info (17048): Logic cell "pll_cfg_hdmi:pll_cfg_hdmi|dyn_phase_shift:dyn_phase_shift_inst|generic_lcell_comb:lcell_cnt_sel_4|combout" File: /tmp/h_Arcade-MCR3_MiSTer/sys/pll_cfg/altera_pll_reconfig_core.v Line: 2179
    Info (17048): Logic cell "pll_cfg_hdmi:pll_cfg_hdmi|generic_lcell_comb:lcell_fpll_0_1|combout" File: /tmp/h_Arcade-MCR3_MiSTer/sys/pll_cfg/altera_pll_reconfig_core.v Line: 2179
    Info (17048): Logic cell "pll_cfg_hdmi:pll_cfg_hdmi|up_dn" File: /tmp/h_Arcade-MCR3_MiSTer/sys/pll_cfg/pll_cfg_hdmi.v Line: 167
    Info (17048): Logic cell "pll_cfg_hdmi:pll_cfg_hdmi|phase_en" File: /tmp/h_Arcade-MCR3_MiSTer/sys/pll_cfg/pll_cfg_hdmi.v Line: 166
    Info (17048): Logic cell "pll_cfg_hdmi:pll_cfg_hdmi|dprio_ser_shift_load" File: /tmp/h_Arcade-MCR3_MiSTer/sys/pll_cfg/pll_cfg_hdmi.v Line: 159
    Info (17048): Logic cell "pll_cfg_hdmi:pll_cfg_hdmi|dyn_phase_shift:dyn_phase_shift_inst|gnd" File: /tmp/h_Arcade-MCR3_MiSTer/sys/pll_cfg/altera_pll_reconfig_core.v Line: 1919
Info (144001): Generated suppressed messages file /tmp/h_Arcade-MCR3_MiSTer/output_files/Arcade-MCR3.map.smsg
Info (16010): Generating hard_block partition "hard_block:auto_generated_inst"
    Info (16011): Adding 43 node(s), including 3 DDIO, 3 PLL, 0 transceiver and 0 LCELL
Warning (21074): Design contains 3 input pin(s) that do not drive logic
    Warning (15610): No output dependent on input pin "HDMI_TX_INT" File: /tmp/h_Arcade-MCR3_MiSTer/sys/sys_top.v Line: 44
    Warning (15610): No output dependent on input pin "SD_SPI_MISO" File: /tmp/h_Arcade-MCR3_MiSTer/sys/sys_top.v Line: 102
    Warning (15610): No output dependent on input pin "ADC_SDO" File: /tmp/h_Arcade-MCR3_MiSTer/sys/sys_top.v Line: 112
Info (21057): Implemented 32221 device resources after synthesis - the final resource count might be different
    Info (21058): Implemented 16 input pins
    Info (21059): Implemented 96 output pins
    Info (21060): Implemented 33 bidirectional pins
    Info (21061): Implemented 30881 logic cells
    Info (21064): Implemented 1136 RAM segments
    Info (21065): Implemented 3 PLLs
    Info (21062): Implemented 35 DSP elements
Info: Quartus Prime Analysis & Synthesis was successful. 0 errors, 118 warnings
    Info: Peak virtual memory: 2666 megabytes
    Info: Processing ended: Mon Sep 14 15:01:00 2026
    Info: Elapsed time: 00:01:16
    Info: Total CPU time (on all processors): 00:02:02
Info: *******************************************************************
Info: Running Quartus Prime Fitter
    Info: Version 17.0.2 Build 602 07/19/2017 SJ Standard Edition
    Info: Processing started: Mon Sep 14 15:01:01 2026
Info: Command: quartus_fit --read_settings_files=off --write_settings_files=off Arcade-MCR3 -c Arcade-MCR3
Info: qfit2_default_script.tcl version: #1
Info: Project  = Arcade-MCR3
Info: Revision = Arcade-MCR3
Info (16303): High Performance Effort optimization mode selected -- timing performance will be prioritized at the potential cost of increased compilation time
Info (20030): Parallel compilation is enabled and will use 16 of the 24 processors detected
Info (119006): Selected device 5CSEBA6U23I7 for design "Arcade-MCR3"
Info (21077): Low junction temperature is -40 degrees C
Info (21077): High junction temperature is 100 degrees C
Info (171004): Fitter is performing a Standard Fit compilation using maximum Fitter effort to optimize design performance
Warning (292013): Feature LogicLock is only available with a valid subscription license. You can purchase a software subscription to gain full access to this feature.
Warning (15714): Some pins have incomplete I/O assignments. Refer to the I/O Assignment Warnings report for details
Info (176045): Design uses memory blocks. Violating setup or hold times of memory block address registers for either read or write operations could cause memory contents to be corrupted. Make sure that all memory block address registers meet the setup and hold time requirements.
Info (184020): Starting Fitter periphery placement operations
Info (11178): Promoted 9 clocks (8 global, 1 regional)
    Info (11162): aspi_sck~CLKENA0 with 129 fanout uses regional clock CLKCTRL_R6
        Info (11177): Node drives Regional Clock Region 0 from (0, 37) to (51, 81)
    Info (11162): sysmem_lite:sysmem|sysmem_HPS_fpga_interfaces:fpga_interfaces|h2f_rst_n[0]~CLKENA0 with 25 fanout uses global clock CLKCTRL_G9
    Info (11162): sysmem_lite:sysmem|sysmem_HPS_fpga_interfaces:fpga_interfaces|h2f_user0_clk[0]~CLKENA0 with 937 fanout uses global clock CLKCTRL_G13
    Info (11162): hdmi_tx_clk~CLKENA0 with 84 fanout uses global clock CLKCTRL_G7
    Info (11162): vga_tx_clk~CLKENA0 with 3 fanout uses global clock CLKCTRL_G6
    Info (11162): pll_hdmi:pll_hdmi|pll_hdmi_0002:pll_hdmi_inst|altera_pll:altera_pll_i|altera_cyclonev_pll:cyclonev_pll|divclk[0]~CLKENA0 with 4967 fanout uses global clock CLKCTRL_G4
    Info (11162): pll_audio:pll_audio|pll_audio_0002:pll_audio_inst|altera_pll:altera_pll_i|outclk_wire[0]~CLKENA0 with 1648 fanout uses global clock CLKCTRL_G3
    Info (11162): emu:emu|pll:pll|pll_0002:pll_inst|altera_pll:altera_pll_i|outclk_wire[0]~CLKENA0 with 4725 fanout uses global clock CLKCTRL_G11
    Info (11162): emu:emu|pll:pll|pll_0002:pll_inst|altera_pll:altera_pll_i|outclk_wire[1]~CLKENA0 with 5731 fanout uses global clock CLKCTRL_G5
Info (11191): Automatically promoted 2 clocks (2 global)
    Info (11162): FPGA_CLK1_50~inputCLKENA0 with 705 fanout uses global clock CLKCTRL_G0
    Info (11162): FPGA_CLK2_50~inputCLKENA0 with 489 fanout uses global clock CLKCTRL_G2
Info (184021): Fitter periphery placement operations ending: elapsed time is 00:00:00
Info (332164): Evaluating HDL-embedded SDC commands
    Info (332165): Entity altera_std_synchronizer
        Info (332166): set_false_path -to [get_keepers {*altera_std_synchronizer:*|din_s1}]
Info (332104): Reading SDC File: 'sys/sys_top.sdc'
Info (332110): Deriving PLL clocks
    Info (332110): create_generated_clock -source {pll_hdmi|pll_hdmi_inst|altera_pll_i|cyclonev_pll|counter[0].output_counter|vco0ph[0]} -divide_by 3 -duty_cycle 50.00 -name {pll_hdmi|pll_hdmi_inst|altera_pll_i|cyclonev_pll|counter[0].output_counter|divclk} {pll_hdmi|pll_hdmi_inst|altera_pll_i|cyclonev_pll|counter[0].output_counter|divclk}
    Info (332110): create_generated_clock -source {pll_hdmi|pll_hdmi_inst|altera_pll_i|cyclonev_pll|fpll_0|fpll|refclkin} -divide_by 512 -multiply_by 4563 -duty_cycle 50.00 -name {pll_hdmi|pll_hdmi_inst|altera_pll_i|cyclonev_pll|fpll_0|fpll|vcoph[0]} {pll_hdmi|pll_hdmi_inst|altera_pll_i|cyclonev_pll|fpll_0|fpll|vcoph[0]}
    Info (332110): create_generated_clock -source {pll_audio|pll_audio_inst|altera_pll_i|general[0].gpll~FRACTIONAL_PLL|refclkin} -divide_by 512 -multiply_by 4279 -duty_cycle 50.00 -name {pll_audio|pll_audio_inst|altera_pll_i|general[0].gpll~FRACTIONAL_PLL|vcoph[0]} {pll_audio|pll_audio_inst|altera_pll_i|general[0].gpll~FRACTIONAL_PLL|vcoph[0]}
    Info (332110): create_generated_clock -source {pll_audio|pll_audio_inst|altera_pll_i|general[0].gpll~PLL_OUTPUT_COUNTER|vco0ph[0]} -divide_by 17 -duty_cycle 50.00 -name {pll_audio|pll_audio_inst|altera_pll_i|general[0].gpll~PLL_OUTPUT_COUNTER|divclk} {pll_audio|pll_audio_inst|altera_pll_i|general[0].gpll~PLL_OUTPUT_COUNTER|divclk}
    Info (332110): create_generated_clock -source {emu|pll|pll_inst|altera_pll_i|general[0].gpll~FRACTIONAL_PLL|refclkin} -divide_by 5 -multiply_by 32 -duty_cycle 50.00 -name {emu|pll|pll_inst|altera_pll_i|general[0].gpll~FRACTIONAL_PLL|vcoph[0]} {emu|pll|pll_inst|altera_pll_i|general[0].gpll~FRACTIONAL_PLL|vcoph[0]}
    Info (332110): create_generated_clock -source {emu|pll|pll_inst|altera_pll_i|general[0].gpll~PLL_OUTPUT_COUNTER|vco0ph[0]} -divide_by 8 -duty_cycle 50.00 -name {emu|pll|pll_inst|altera_pll_i|general[0].gpll~PLL_OUTPUT_COUNTER|divclk} {emu|pll|pll_inst|altera_pll_i|general[0].gpll~PLL_OUTPUT_COUNTER|divclk}
    Info (332110): create_generated_clock -source {emu|pll|pll_inst|altera_pll_i|general[1].gpll~PLL_OUTPUT_COUNTER|vco0ph[0]} -divide_by 4 -duty_cycle 50.00 -name {emu|pll|pll_inst|altera_pll_i|general[1].gpll~PLL_OUTPUT_COUNTER|divclk} {emu|pll|pll_inst|altera_pll_i|general[1].gpll~PLL_OUTPUT_COUNTER|divclk}
Info (332151): Clock uncertainty is not calculated until you update the timing netlist.
Info (332097): The following timing edges are non-unate.  TimeQuest will assume pos-unate behavior for these edges in the clock network.
    Info (332098): Cell: emu|pll|pll_inst|altera_pll_i|general[0].gpll~FRACTIONAL_PLL  from: refclkin  to: fbclk
    Info (332098): Cell: emu|pll|pll_inst|altera_pll_i|general[0].gpll~PLL_OUTPUT_COUNTER  from: vco0ph[0]  to: divclk
    Info (332098): Cell: emu|pll|pll_inst|altera_pll_i|general[0].gpll~PLL_REFCLK_SELECT  from: clkin[0]  to: clkout
    Info (332098): Cell: emu|pll|pll_inst|altera_pll_i|general[1].gpll~PLL_OUTPUT_COUNTER  from: vco0ph[0]  to: divclk
    Info (332098): Cell: pll_audio|pll_audio_inst|altera_pll_i|general[0].gpll~FRACTIONAL_PLL  from: refclkin  to: fbclk
    Info (332098): Cell: pll_audio|pll_audio_inst|altera_pll_i|general[0].gpll~PLL_OUTPUT_COUNTER  from: vco0ph[0]  to: divclk
    Info (332098): Cell: pll_audio|pll_audio_inst|altera_pll_i|general[0].gpll~PLL_REFCLK_SELECT  from: clkin[0]  to: clkout
    Info (332098): Cell: pll_hdmi|pll_hdmi_inst|altera_pll_i|cyclonev_pll|counter[0].output_counter  from: vco0ph[0]  to: divclk
    Info (332098): Cell: pll_hdmi|pll_hdmi_inst|altera_pll_i|cyclonev_pll|fpll_0|REFCLK_SELECT  from: clkin[0]  to: clkout
    Info (332098): Cell: pll_hdmi|pll_hdmi_inst|altera_pll_i|cyclonev_pll|fpll_0|fpll  from: refclkin  to: fbclk
    Info (332098): From: sysmem|fpga_interfaces|f2sdram|cmd_port_clk_0  to: sysmem_lite:sysmem|sysmem_HPS_fpga_interfaces:fpga_interfaces|f2sdram~FF_762
    Info (332098): From: sysmem|fpga_interfaces|f2sdram|cmd_port_clk_1  to: sysmem_lite:sysmem|sysmem_HPS_fpga_interfaces:fpga_interfaces|f2sdram~FF_827
    Info (332098): From: sysmem|fpga_interfaces|f2sdram|cmd_port_clk_2  to: sysmem_lite:sysmem|sysmem_HPS_fpga_interfaces:fpga_interfaces|f2sdram~FF_920
    Info (332098): From: sysmem|fpga_interfaces|f2sdram|rd_clk_0  to: sysmem_lite:sysmem|sysmem_HPS_fpga_interfaces:fpga_interfaces|f2sdram~FF_7
    Info (332098): From: sysmem|fpga_interfaces|f2sdram|rd_clk_1  to: sysmem_lite:sysmem|sysmem_HPS_fpga_interfaces:fpga_interfaces|f2sdram~FF_6
    Info (332098): From: sysmem|fpga_interfaces|f2sdram|rd_clk_2  to: sysmem_lite:sysmem|sysmem_HPS_fpga_interfaces:fpga_interfaces|f2sdram~FF_5
    Info (332098): From: sysmem|fpga_interfaces|f2sdram|rd_clk_3  to: sysmem_lite:sysmem|sysmem_HPS_fpga_interfaces:fpga_interfaces|f2sdram~FF_4
    Info (332098): From: sysmem|fpga_interfaces|f2sdram|wr_clk_0  to: sysmem_lite:sysmem|sysmem_HPS_fpga_interfaces:fpga_interfaces|f2sdram~FF_3
    Info (332098): From: sysmem|fpga_interfaces|f2sdram|wr_clk_1  to: sysmem_lite:sysmem|sysmem_HPS_fpga_interfaces:fpga_interfaces|f2sdram~FF_2
    Info (332098): From: sysmem|fpga_interfaces|f2sdram|wr_clk_2  to: sysmem_lite:sysmem|sysmem_HPS_fpga_interfaces:fpga_interfaces|f2sdram~FF_1
    Info (332098): From: sysmem|fpga_interfaces|f2sdram|wr_clk_3  to: sysmem_lite:sysmem|sysmem_HPS_fpga_interfaces:fpga_interfaces|f2sdram~FF_0
Info (332123): Deriving Clock Uncertainty. Please refer to report_sdc in TimeQuest to see clock uncertainties.
Info (332129): Detected timing requirements -- optimizing circuit to achieve only the specified requirements
Info (332111): Found 13 clocks
    Info (332111):   Period   Clock Name
    Info (332111): ======== ============
    Info (332111):    3.125 emu|pll|pll_inst|altera_pll_i|general[0].gpll~FRACTIONAL_PLL|vcoph[0]
    Info (332111):   25.000 emu|pll|pll_inst|altera_pll_i|general[0].gpll~PLL_OUTPUT_COUNTER|divclk
    Info (332111):   12.500 emu|pll|pll_inst|altera_pll_i|general[1].gpll~PLL_OUTPUT_COUNTER|divclk
    Info (332111):   20.000 FPGA_CLK1_50
    Info (332111):   20.000 FPGA_CLK2_50
    Info (332111):   20.000 FPGA_CLK3_50
    Info (332111):  100.000     hdmi_sck
    Info (332111):    2.393 pll_audio|pll_audio_inst|altera_pll_i|general[0].gpll~FRACTIONAL_PLL|vcoph[0]
    Info (332111):   40.682 pll_audio|pll_audio_inst|altera_pll_i|general[0].gpll~PLL_OUTPUT_COUNTER|divclk
    Info (332111):    6.732 pll_hdmi|pll_hdmi_inst|altera_pll_i|cyclonev_pll|counter[0].output_counter|divclk
    Info (332111):    2.244 pll_hdmi|pll_hdmi_inst|altera_pll_i|cyclonev_pll|fpll_0|fpll|vcoph[0]
    Info (332111):   10.000      spi_sck
    Info (332111):   10.000 sysmem|fpga_interfaces|clocks_resets|h2f_user0_clk
Info (176233): Starting register packing
Warning (176250): Ignoring invalid fast I/O register assignments. See the Ignored Assignments panel in the Fitter Compilation Report for more information.
Warning (176251): Ignoring some wildcard destinations of fast I/O register assignments
    Info (176252): Wildcard assignment "Fast Output Register=ON" to "SDRAM_*" matches multiple destination nodes -- some destinations are not valid targets for this assignment
Info (176235): Finished register packing
    Extra Info (176218): Packed 91 registers into blocks of type Block RAM
    Extra Info (176218): Packed 820 registers into blocks of type DSP block
    Extra Info (176218): Packed 16 registers into blocks of type I/O input buffer
    Extra Info (176218): Packed 79 registers into blocks of type I/O output buffer
    Extra Info (176220): Created 180 register duplicates
Info (128000): Starting physical synthesis optimizations for speed
Info (128002): Starting physical synthesis algorithm register retiming
Info (128003): Physical synthesis algorithm register retiming complete: estimated slack improvement of 1192 ps
Info (128002): Starting physical synthesis algorithm combinational resynthesis using boolean division
Info (128003): Physical synthesis algorithm combinational resynthesis using boolean division complete: estimated slack improvement of 0 ps
Info (128002): Starting physical synthesis algorithm register retiming
Info (128003): Physical synthesis algorithm register retiming complete: estimated slack improvement of 0 ps
Info (128002): Starting physical synthesis algorithm combinational resynthesis using boolean division
Info (128003): Physical synthesis algorithm combinational resynthesis using boolean division complete: estimated slack improvement of 0 ps
Info (128001): Physical synthesis optimizations for speed complete: elapsed time is 00:00:25
Info (176233): Starting register packing
Info (176235): Finished register packing
    Extra Info (176218): Packed 228 registers into blocks of type DSP block
    Extra Info (176220): Created 156 register duplicates
Info (11798): Fitter preparation operations ending: elapsed time is 00:00:44
Info (170189): Fitter placement preparation operations beginning
Info (14951): The Fitter is using Advanced Physical Optimization.
Info (170190): Fitter placement preparation operations ending: elapsed time is 00:00:21
Info (170191): Fitter placement operations beginning
Info (170137): Fitter placement was successful
Info (170192): Fitter placement operations ending: elapsed time is 00:00:23
Info (170193): Fitter routing operations beginning
Info (170089): 2e+03 ns of routing delay (approximately 1.2% of available device routing delay) has been added to meet hold timing. For more information, refer to the Estimated Delay Added for Hold Timing section in the Fitter report.
Info (170195): Router estimated average interconnect usage is 10% of the available device resources
    Info (170196): Router estimated peak interconnect usage is 30% of the available device resources in the region that extends from location X22_Y46 to location X32_Y57
Info (170194): Fitter routing operations ending: elapsed time is 00:00:46
Info (11888): Total time spent on timing analysis during the Fitter is 34.91 seconds.
Info (334003): Started post-fitting delay annotation
Info (334004): Delay annotation completed successfully
Info (334003): Started post-fitting delay annotation
Info (334004): Delay annotation completed successfully
Info (11801): Fitter post-fit operations ending: elapsed time is 00:00:25
Warning (171167): Found invalid Fitter assignments. See the Ignored Assignments panel in the Fitter Compilation Report for more information.
Warning (169064): Following 2 pins have no output enable or a GND or VCC output enable - later changes to this connectivity may change fitting results
    Info (169065): Pin USER_IO[3] has a permanently disabled output enable File: /tmp/h_Arcade-MCR3_MiSTer/sys/sys_top.v Line: 129
    Info (169065): Pin USER_IO[7] has a permanently disabled output enable File: /tmp/h_Arcade-MCR3_MiSTer/sys/sys_top.v Line: 129
Info (144001): Generated suppressed messages file /tmp/h_Arcade-MCR3_MiSTer/output_files/Arcade-MCR3.fit.smsg
Info: Quartus Prime Fitter was successful. 0 errors, 6 warnings
    Info: Peak virtual memory: 4628 megabytes
    Info: Processing ended: Mon Sep 14 15:04:31 2026
    Info: Elapsed time: 00:03:30
    Info: Total CPU time (on all processors): 00:15:39
Info: *******************************************************************
Info: Running Quartus Prime Assembler
    Info: Version 17.0.2 Build 602 07/19/2017 SJ Standard Edition
    Info: Processing started: Mon Sep 14 15:04:32 2026
Info: Command: quartus_asm --read_settings_files=off --write_settings_files=off Arcade-MCR3 -c Arcade-MCR3
Info (115030): Assembler is generating device programming files
Info: Quartus Prime Assembler was successful. 0 errors, 0 warnings
    Info: Peak virtual memory: 1191 megabytes
    Info: Processing ended: Mon Sep 14 15:04:40 2026
    Info: Elapsed time: 00:00:08
    Info: Total CPU time (on all processors): 00:00:08
Info (293026): Skipped module PowerPlay Power Analyzer due to the assignment FLOW_ENABLE_POWER_ANALYZER
Info: *******************************************************************
Info: Running Quartus Prime TimeQuest Timing Analyzer
    Info: Version 17.0.2 Build 602 07/19/2017 SJ Standard Edition
    Info: Processing started: Mon Sep 14 15:04:41 2026
Info: Command: quartus_sta Arcade-MCR3 -c Arcade-MCR3
Info: qsta_default_script.tcl version: #1
Info (20030): Parallel compilation is enabled and will use 16 of the 24 processors detected
Info (21077): Low junction temperature is -40 degrees C
Info (21077): High junction temperature is 100 degrees C
Info (332164): Evaluating HDL-embedded SDC commands
    Info (332165): Entity altera_std_synchronizer
        Info (332166): set_false_path -to [get_keepers {*altera_std_synchronizer:*|din_s1}]
Info (332104): Reading SDC File: 'sys/sys_top.sdc'
Info (332110): Deriving PLL clocks
    Info (332110): create_generated_clock -source {pll_hdmi|pll_hdmi_inst|altera_pll_i|cyclonev_pll|counter[0].output_counter|vco0ph[0]} -divide_by 3 -duty_cycle 50.00 -name {pll_hdmi|pll_hdmi_inst|altera_pll_i|cyclonev_pll|counter[0].output_counter|divclk} {pll_hdmi|pll_hdmi_inst|altera_pll_i|cyclonev_pll|counter[0].output_counter|divclk}
    Info (332110): create_generated_clock -source {pll_hdmi|pll_hdmi_inst|altera_pll_i|cyclonev_pll|fpll_0|fpll|refclkin} -divide_by 512 -multiply_by 4563 -duty_cycle 50.00 -name {pll_hdmi|pll_hdmi_inst|altera_pll_i|cyclonev_pll|fpll_0|fpll|vcoph[0]} {pll_hdmi|pll_hdmi_inst|altera_pll_i|cyclonev_pll|fpll_0|fpll|vcoph[0]}
    Info (332110): create_generated_clock -source {pll_audio|pll_audio_inst|altera_pll_i|general[0].gpll~FRACTIONAL_PLL|refclkin} -divide_by 512 -multiply_by 4279 -duty_cycle 50.00 -name {pll_audio|pll_audio_inst|altera_pll_i|general[0].gpll~FRACTIONAL_PLL|vcoph[0]} {pll_audio|pll_audio_inst|altera_pll_i|general[0].gpll~FRACTIONAL_PLL|vcoph[0]}
    Info (332110): create_generated_clock -source {pll_audio|pll_audio_inst|altera_pll_i|general[0].gpll~PLL_OUTPUT_COUNTER|vco0ph[0]} -divide_by 17 -duty_cycle 50.00 -name {pll_audio|pll_audio_inst|altera_pll_i|general[0].gpll~PLL_OUTPUT_COUNTER|divclk} {pll_audio|pll_audio_inst|altera_pll_i|general[0].gpll~PLL_OUTPUT_COUNTER|divclk}
    Info (332110): create_generated_clock -source {emu|pll|pll_inst|altera_pll_i|general[0].gpll~FRACTIONAL_PLL|refclkin} -divide_by 5 -multiply_by 32 -duty_cycle 50.00 -name {emu|pll|pll_inst|altera_pll_i|general[0].gpll~FRACTIONAL_PLL|vcoph[0]} {emu|pll|pll_inst|altera_pll_i|general[0].gpll~FRACTIONAL_PLL|vcoph[0]}
    Info (332110): create_generated_clock -source {emu|pll|pll_inst|altera_pll_i|general[0].gpll~PLL_OUTPUT_COUNTER|vco0ph[0]} -divide_by 8 -duty_cycle 50.00 -name {emu|pll|pll_inst|altera_pll_i|general[0].gpll~PLL_OUTPUT_COUNTER|divclk} {emu|pll|pll_inst|altera_pll_i|general[0].gpll~PLL_OUTPUT_COUNTER|divclk}
    Info (332110): create_generated_clock -source {emu|pll|pll_inst|altera_pll_i|general[1].gpll~PLL_OUTPUT_COUNTER|vco0ph[0]} -divide_by 4 -duty_cycle 50.00 -name {emu|pll|pll_inst|altera_pll_i|general[1].gpll~PLL_OUTPUT_COUNTER|divclk} {emu|pll|pll_inst|altera_pll_i|general[1].gpll~PLL_OUTPUT_COUNTER|divclk}
Info (332151): Clock uncertainty is not calculated until you update the timing netlist.
Info (332097): The following timing edges are non-unate.  TimeQuest will assume pos-unate behavior for these edges in the clock network.
    Info (332098): Cell: emu|pll|pll_inst|altera_pll_i|general[0].gpll~FRACTIONAL_PLL  from: refclkin  to: fbclk
    Info (332098): Cell: emu|pll|pll_inst|altera_pll_i|general[0].gpll~PLL_OUTPUT_COUNTER  from: vco0ph[0]  to: divclk
    Info (332098): Cell: emu|pll|pll_inst|altera_pll_i|general[0].gpll~PLL_REFCLK_SELECT  from: clkin[0]  to: clkout
    Info (332098): Cell: emu|pll|pll_inst|altera_pll_i|general[1].gpll~PLL_OUTPUT_COUNTER  from: vco0ph[0]  to: divclk
    Info (332098): Cell: pll_audio|pll_audio_inst|altera_pll_i|general[0].gpll~FRACTIONAL_PLL  from: refclkin  to: fbclk
    Info (332098): Cell: pll_audio|pll_audio_inst|altera_pll_i|general[0].gpll~PLL_OUTPUT_COUNTER  from: vco0ph[0]  to: divclk
    Info (332098): Cell: pll_audio|pll_audio_inst|altera_pll_i|general[0].gpll~PLL_REFCLK_SELECT  from: clkin[0]  to: clkout
    Info (332098): Cell: pll_hdmi|pll_hdmi_inst|altera_pll_i|cyclonev_pll|counter[0].output_counter  from: vco0ph[0]  to: divclk
    Info (332098): Cell: pll_hdmi|pll_hdmi_inst|altera_pll_i|cyclonev_pll|fpll_0|REFCLK_SELECT  from: clkin[0]  to: clkout
    Info (332098): Cell: pll_hdmi|pll_hdmi_inst|altera_pll_i|cyclonev_pll|fpll_0|fpll  from: refclkin  to: fbclk
    Info (332098): From: sysmem|fpga_interfaces|f2sdram|cmd_port_clk_0  to: sysmem_lite:sysmem|sysmem_HPS_fpga_interfaces:fpga_interfaces|f2sdram~FF_762
    Info (332098): From: sysmem|fpga_interfaces|f2sdram|cmd_port_clk_1  to: sysmem_lite:sysmem|sysmem_HPS_fpga_interfaces:fpga_interfaces|f2sdram~FF_827
    Info (332098): From: sysmem|fpga_interfaces|f2sdram|cmd_port_clk_2  to: sysmem_lite:sysmem|sysmem_HPS_fpga_interfaces:fpga_interfaces|f2sdram~FF_920
    Info (332098): From: sysmem|fpga_interfaces|f2sdram|rd_clk_0  to: sysmem_lite:sysmem|sysmem_HPS_fpga_interfaces:fpga_interfaces|f2sdram~FF_7
    Info (332098): From: sysmem|fpga_interfaces|f2sdram|rd_clk_1  to: sysmem_lite:sysmem|sysmem_HPS_fpga_interfaces:fpga_interfaces|f2sdram~FF_6
    Info (332098): From: sysmem|fpga_interfaces|f2sdram|rd_clk_2  to: sysmem_lite:sysmem|sysmem_HPS_fpga_interfaces:fpga_interfaces|f2sdram~FF_5
    Info (332098): From: sysmem|fpga_interfaces|f2sdram|rd_clk_3  to: sysmem_lite:sysmem|sysmem_HPS_fpga_interfaces:fpga_interfaces|f2sdram~FF_4
    Info (332098): From: sysmem|fpga_interfaces|f2sdram|wr_clk_0  to: sysmem_lite:sysmem|sysmem_HPS_fpga_interfaces:fpga_interfaces|f2sdram~FF_3
    Info (332098): From: sysmem|fpga_interfaces|f2sdram|wr_clk_1  to: sysmem_lite:sysmem|sysmem_HPS_fpga_interfaces:fpga_interfaces|f2sdram~FF_2
    Info (332098): From: sysmem|fpga_interfaces|f2sdram|wr_clk_2  to: sysmem_lite:sysmem|sysmem_HPS_fpga_interfaces:fpga_interfaces|f2sdram~FF_1
    Info (332098): From: sysmem|fpga_interfaces|f2sdram|wr_clk_3  to: sysmem_lite:sysmem|sysmem_HPS_fpga_interfaces:fpga_interfaces|f2sdram~FF_0
Info (332123): Deriving Clock Uncertainty. Please refer to report_sdc in TimeQuest to see clock uncertainties.
Info: Found TIMEQUEST_REPORT_SCRIPT_INCLUDE_DEFAULT_ANALYSIS = ON
Info (332146): Worst-case setup slack is 0.471
    Info (332119):     Slack       End Point TNS Clock 
    Info (332119): ========= =================== =====================
    Info (332119):     0.471               0.000 pll_hdmi|pll_hdmi_inst|altera_pll_i|cyclonev_pll|counter[0].output_counter|divclk 
    Info (332119):     1.760               0.000 emu|pll|pll_inst|altera_pll_i|general[1].gpll~PLL_OUTPUT_COUNTER|divclk 
    Info (332119):     3.694               0.000 sysmem|fpga_interfaces|clocks_resets|h2f_user0_clk 
    Info (332119):     3.867               0.000 emu|pll|pll_inst|altera_pll_i|general[0].gpll~PLL_OUTPUT_COUNTER|divclk 
    Info (332119):     5.267               0.000 spi_sck 
    Info (332119):     7.927               0.000 FPGA_CLK1_50 
    Info (332119):    10.403               0.000 FPGA_CLK2_50 
    Info (332119):    15.182               0.000 pll_audio|pll_audio_inst|altera_pll_i|general[0].gpll~PLL_OUTPUT_COUNTER|divclk 
Info (332146): Worst-case hold slack is 0.251
    Info (332119):     Slack       End Point TNS Clock 
    Info (332119): ========= =================== =====================
    Info (332119):     0.251               0.000 emu|pll|pll_inst|altera_pll_i|general[1].gpll~PLL_OUTPUT_COUNTER|divclk 
    Info (332119):     0.262               0.000 pll_hdmi|pll_hdmi_inst|altera_pll_i|cyclonev_pll|counter[0].output_counter|divclk 
    Info (332119):     0.264               0.000 emu|pll|pll_inst|altera_pll_i|general[0].gpll~PLL_OUTPUT_COUNTER|divclk 
    Info (332119):     0.267               0.000 pll_audio|pll_audio_inst|altera_pll_i|general[0].gpll~PLL_OUTPUT_COUNTER|divclk 
    Info (332119):     0.286               0.000 FPGA_CLK1_50 
    Info (332119):     0.380               0.000 sysmem|fpga_interfaces|clocks_resets|h2f_user0_clk 
    Info (332119):     0.394               0.000 FPGA_CLK2_50 
    Info (332119):     0.453               0.000 spi_sck 
Info (332146): Worst-case recovery slack is 3.856
    Info (332119):     Slack       End Point TNS Clock 
    Info (332119): ========= =================== =====================
    Info (332119):     3.856               0.000 pll_hdmi|pll_hdmi_inst|altera_pll_i|cyclonev_pll|counter[0].output_counter|divclk 
    Info (332119):     7.648               0.000 sysmem|fpga_interfaces|clocks_resets|h2f_user0_clk 
    Info (332119):     9.370               0.000 emu|pll|pll_inst|altera_pll_i|general[1].gpll~PLL_OUTPUT_COUNTER|divclk 
    Info (332119):    15.927               0.000 FPGA_CLK1_50 
    Info (332119):    20.378               0.000 emu|pll|pll_inst|altera_pll_i|general[0].gpll~PLL_OUTPUT_COUNTER|divclk 
Info (332146): Worst-case removal slack is 0.958
    Info (332119):     Slack       End Point TNS Clock 
    Info (332119): ========= =================== =====================
    Info (332119):     0.958               0.000 sysmem|fpga_interfaces|clocks_resets|h2f_user0_clk 
    Info (332119):     0.979               0.000 pll_hdmi|pll_hdmi_inst|altera_pll_i|cyclonev_pll|counter[0].output_counter|divclk 
    Info (332119):     1.146               0.000 emu|pll|pll_inst|altera_pll_i|general[0].gpll~PLL_OUTPUT_COUNTER|divclk 
    Info (332119):     1.285               0.000 FPGA_CLK1_50 
    Info (332119):     2.109               0.000 emu|pll|pll_inst|altera_pll_i|general[1].gpll~PLL_OUTPUT_COUNTER|divclk 
Info (332146): Worst-case minimum pulse width slack is 1.122
    Info (332119):     Slack       End Point TNS Clock 
    Info (332119): ========= =================== =====================
    Info (332119):     1.122               0.000 pll_hdmi|pll_hdmi_inst|altera_pll_i|cyclonev_pll|fpll_0|fpll|vcoph[0] 
    Info (332119):     1.196               0.000 pll_audio|pll_audio_inst|altera_pll_i|general[0].gpll~FRACTIONAL_PLL|vcoph[0] 
    Info (332119):     1.562               0.000 emu|pll|pll_inst|altera_pll_i|general[0].gpll~FRACTIONAL_PLL|vcoph[0] 
    Info (332119):     1.939               0.000 pll_hdmi|pll_hdmi_inst|altera_pll_i|cyclonev_pll|counter[0].output_counter|divclk 
    Info (332119):     3.609               0.000 sysmem|fpga_interfaces|clocks_resets|h2f_user0_clk 
    Info (332119):     4.211               0.000 spi_sck 
    Info (332119):     4.817               0.000 emu|pll|pll_inst|altera_pll_i|general[1].gpll~PLL_OUTPUT_COUNTER|divclk 
    Info (332119):     9.203               0.000 FPGA_CLK2_50 
    Info (332119):     9.213               0.000 FPGA_CLK1_50 
    Info (332119):     9.730               0.000 FPGA_CLK3_50 
    Info (332119):    11.063               0.000 emu|pll|pll_inst|altera_pll_i|general[0].gpll~PLL_OUTPUT_COUNTER|divclk 
    Info (332119):    18.901               0.000 pll_audio|pll_audio_inst|altera_pll_i|general[0].gpll~PLL_OUTPUT_COUNTER|divclk 
Info (332114): Report Metastability: Found 460 synchronizer chains.
    Info (332114): Worst-Case MTBF of Design is 1e+09 years or 3.15e+16 seconds.
    Info (332114): Typical MTBF of Design is 1e+09 years or 3.15e+16 seconds.

    Info (332114): Number of Synchronizer Chains Found: 460
    Info (332114): Shortest Synchronizer Chain: 2 Registers
    Info (332114): Fraction of Chains for which MTBFs Could Not be Calculated: 0.991
    Info (332114): Worst Case Available Settling Time: 3.911 ns
    Info (332114): Worst-Case MTBF values are calculated based on the worst-case silicon characteristics, with worst-case operating conditions.
    Info (332114):   - Under worst-case conditions, an increase of 100ps in available settling time will increase MTBF values by a factor of 8.0
    Info (332114): Typical MTBF values are calculated based on the nominal silicon characteristics, at nominal operating conditions.
    Info (332114):   - Under typical conditions, an increase of 100ps in available settling time will increase MTBF values by a factor of 17.8
Info (332102): Design is not fully constrained for setup requirements
Info (332102): Design is not fully constrained for hold requirements
Info: Quartus Prime TimeQuest Timing Analyzer was successful. 0 errors, 0 warnings
    Info: Peak virtual memory: 1390 megabytes
    Info: Processing ended: Mon Sep 14 15:04:45 2026
    Info: Elapsed time: 00:00:04
    Info: Total CPU time (on all processors): 00:00:05
Info (293000): Quartus Prime Full Compilation was successful. 0 errors, 124 warnings
Info (23030): Evaluation of Tcl script /opt/intelFPGA/17.0/quartus/common/tcl/internal/qsh_flow.tcl was successful
Info: Quartus Prime Shell was successful. 0 errors, 124 warnings
    Info: Peak virtual memory: 779 megabytes
    Info: Processing ended: Mon Sep 14 15:04:45 2026
    Info: Elapsed time: 00:05:02
    Info: Total CPU time (on all processors): 00:17:56
